seq_id,seq_type,seq,label
1,gene,CTATACAAATTCGTACAGTCTTTAGAATTTTTGTGCGTATTTTGGTATCATAAAGAGTAGATAGTATATAAAAATGTTTTT,1
3,gene,CGCTAAAGTTGTGGCCTTTTCGCTTTGTCATATTCGGCAATTAGGGATCTATACATATAGAAACATCCTTTTTTGCGAGGT,1
4,gene,TTTCAAAATGCTTCAAATGGCTCTGTCCGAGCGCTTGCTTTTTTCATATAATATGAGGCAACACCCTTGAATCCACTTGCA,1
8,gene,TTGATAATTTACTCCAATACTTACGGGAGGAATACAGCTTGTCCTTTGAGGGGGCAAAAGAGAAATATCAGCTTGAAACTG,1
9,gene,TAACATTACTGTAAGGATATTGAAATAAAAAATAGCTGGTTGATCGTGTATAATCTTCCTAGATGTTAACAAACAGGGGGA,1
10,gene,TTGTCTAATAATTTTAAAAAATGCTGTTGACACTGCGTCCAAAGCGGCGTAATATGAGTTCAACAAAAGATAAATGCAAGC,1
11,gene,ATGTGCAGACAAATTTTGATAAAACGGTTAAGCAGTAGCCTCTTTGGTCAAACTAATCATAAACGTGTGCAAAGAGGTGTA,1
13,gene,ATAAAGTTTCTGTCCAAAACGAGAGTCATATTAGCTTGTCCCTGCCCATAGACTAGACTAGAGTCGAATCCCGAGCAGGAG,1
14,gene,TAATGAAAAAATGTAGTGTTTATGATTGACTTATGGGTATTATGCGATTAGAATATAACCAAGAAATGACCAAAAAGTAAC,1
15,gene,AAAAATGATACCGAGTGTATTTTCTGTATGCTTCAACTTCATTTCGGGAAATGTAACGTTGATAAAAGGAGGTTACATCAA,1
16,gene,CCTTTCTGGTTGATCAGAAAAAGACACCATTTAAAACTGAAAGATGCTAAAATACATACAAGTATGCTTTGCAATAAAAGA,1
17,gene,TTACAATCAATAGTAAACAAAATGATTGACGATTATTGGAAACCTTGTTATGCTATGAAGGTAAGGATTTTGTCGAATAAT,1
19,gene,TTTTATTAATCCTATAAAAAAAGTCGGGTTGACTTATGTTAGAATTGTGCTAAAATTTACTACAAATCTAAAAACTTATCA,1
21,gene,GCCTTATCTTATTACCAAGACGTGAAGGAAAAATTGACTGCTGAGCCGAATAGAATATGTGAGGCAAAAATAGACATTTTA,1
22,gene,GGTGATCAGCTGAATTGAAAACCGTTGACAAAAAGGAAAAAAGACCATACAATTTAAATCGTAACAATTACGTTTTATGAT,1
27,gene,TTTTGTTTTTAGGGCAGTCCCATTCCGCACAAGTTGGTTGTTCAGCCGTATCATGATTCTAACTAGTTAAAAATCATGCAG,1
29,gene,TCTGATAAAAATCTCATATGAGCATGTGCTGACAGAGGCAGGGATATAATGATAGAATATTATTGAATGAATAATCATTCA,1
30,gene,ATGTTATTCTTGGAAGAGAAATTCACTTTTTTCACTAACAACATTGCTTTACAATTAAAAACAAGTAAAAAAGAAAATAGA,1
31,gene,GGTTCTTCATCAGGATATATGACTCAGTCAAAATAAGAGGCTCGCTCATTTAATAACAGTAAAAGAAAAGGAGGAATAGAT,1
33,gene,CGGGAAAATTGTATATCATAGCCAGTGTTATTGTCTGACTCTTCAGTTATATTAAGTGACATCTAATGTCAAAAAACATAA,1
35,gene,AACCGATAACCCGGACTTCCGTCCGGGTTTATTTTTTTAGGAATTGGCGATAATGCTCCTAGAGGAAGTGAAGAATATGGT,1
37,gene,CCTTTTTTGGTTTCCAATAATTTTAACGAAAGTTCCATCTGATTTAACAAAAGATAAAACAGTCACATATTATCGTGACGT,1
38,gene,TATTTTGTTACATTTTATAACATGTATCTTAAATATTCCTTTTTGCTGTGCTACGCTGGAAAAAACATTTGATAAGGAGCG,1
41,gene,GATTTGGGATACTTTACATATTTTACTCAATTATTTGTCGAAGAATGGTACAATAAGTAGAGAAACACAAGCGGCAGGTGG,1
42,gene,AGGCTGTATGTGAAGAGACATTTTATCGGTTATATTCAATTGTCCATGCTCATAAGATGTAAAACAAGAATGATGGACAAG,1
43,gene,GTTCCCATCTCGATACGCTGTTTTTCGTTTATCTTTCTATCGATCGGAAATATAAAAAGAGATAAACGAAAAAGGAGATGG,1
46,gene,CCAATGTTTTTCTTCATATGACAGTTATAAATAAGCCGTCAGAAGGCAAAATTAAATGATGTAGCAGCAAGTCATAAAGAA,1
47,gene,TTTCGTAAAATGTAACAAAATTACTTGACGTAAACAAGTTATGTATATATACTAGCTTACATTAAGTAAGTGATAACATTT,1
48,gene,CTCTTATCCAAAACCTTAGTAGAGGTTATCTTTTCCTGTTAAAAAAATGATATACTGTGTTAGAGTATTTCATGGAGTAAG,1
49,gene,TTTCTTATAATTTATTTTTTGATTATTCATTTTTCAAACGAAAGGGCCGATATAGAAATTAGGAGGGGATTGGTTTGTTTA,1
51,gene,TGATTATATTTATTTTATAAAAGTATAGACATTTAAAATTAAATGACTATAATAATCAATGTAAGCGTTTTAATAACAGGG,1
52,gene,TTGATTTGTATTCACTCTGCCAAGTTGTTTTGATAGAGTGATTGTGATAATTTTAAATGTAAGCGTTAACAAAATTCTCCA,1
53,gene,ACCTTAGTGTCTGTTTTTTTATGCGTTCACCCATTTATAATCCACCGCATATGATGTAAAGCAAGGTTGATATGTGGAGGA,1
55,gene,TCGTTCGGTAAATCACCTTAAATCCTTGACGAGCAAGGGATTGACGCTTTAAAATGCTTGATATGGCTTTTTATATGTGTT,1
56,gene,AAAAATCATGAATGTCACCATAAAATTGTAACAAAAAACAGGTTTAAACGACTTTAAAAAAAGGAATAGCCTTACTGAAGA,1
61,gene,CATTTTTCAGTTGAATGATAATCGTACAAGCAGAAGCCGTGTTTTTTCATATCCTGTAATGAGGTGATGAAAAATGGTTAA,1
63,gene,CACCCCTTGTCCTTATTGAGTTTTTAGCATATTCCCAAAAGAATGCTAATACACTGTTACAAACCTAACAAAGAGAGTGTT,1
64,gene,GATGAGAAGACTGATTTTACGGGCTCAAAAGACTGGCACACTTCTTGCATTTATAATGGTGAACCCTAAATAGAAGGAGGC,1
66,gene,TTAGGCGGGCGCGGCACCTAAAACCTGAACCTTTATGCAAAAAATGAATAGTCTGCCTATAACTCGATCAATAGATAAAAA,1
67,gene,AATGAAAAATTTATTTCTTTGGCGTGTATAAATTAAAATAATCTCTCCATAATATGATTCAAACAAGCTTGTTTTCATTAC,1
70,gene,AGGACATTTTTTTACACGAACTTCATAGACTTTATGCCTGTTATTTCTTACAATAAGCATATAGTTTTACAATTCTCGACA,1
71,gene,GAATAATGGTTCGCTCTTTTTATTTTTATGCATAAAAAATACAAGGCAGCAAAACATATGAAAAATAGGATTGGAGGAATA,1
73,gene,TTACGACAAATTGCAAAAATAATGTTGTCCTTTTAAATAAGATCTGATAAAATGTGAACTAATTTCATAGTTAGATCGTGT,1
75,gene,TACATGCCTTTTCTAGGGAACTGTACTTGTCATTTACAAAAATACCCGAGATAATGTGTACAAAATCAAAAAAGAAGGATG,1
77,gene,CATAAAACCTTTCCTCTAACTCCCTTTTTAAACGGCTCGTGTCTGAACATACTAATGATTGAAAGGGGTGCTGACAATGAG,1
80,gene,TTAGAATGTAATAGCAAGATAACAAAATGAGTAAAGATGATTATGTGATAAACTAATTTCAACCAGCGTGAGTTTTCTTAT,1
88,gene,CTTGTAATTCTTATAGAAAGCGGGAAACTTTTTCAAAGTTTCATTCGTCTACGATATATTGAGGTACATCCTTAAAACATT,1
89,gene,TTATAGCTGAAAAAGGACCTGACTTGGTTCTTTCGAATAGAAGCGCTATAATGAAAGCGGACAAGGGAAGGGGACGGACTC,1
90,gene,TAAGCTAAATAAGACTCAAAAGCCTGAATATTTCTTTGAGCTAATGAATACAATAAATCGATAGAAAACACTTTAGCAGTT,1
91,gene,GTGTTCATAAATAAAGAGAGGCTTGTCATAAAGTCTGCCTCACATCATACATTTTAAAGAAGCCAATCGGTAGAAAGGAGG,1
93,gene,TAAATGGTTTTTTTAAAAAACCCTTGCCTTAAAGCAGACTTTAAGGTTTATCGTTATGTTGAAGACACCATAAAACATAAA,1
94,gene,GTTTTCAGTCTCTTTTTTTGTGGATTCAAAAGCTGGTACGGATCTTGCATGATGATAAGGGTGAATCCAATGAAGAAAGGA,1
95,gene,ATTCGACAATTGCGGTTATTTTGCGTTCTTCTTTTTCTTGTAAATATGATAAAATATGACATATCTCGGGTAATTCAAAAG,1
97,gene,TTGATAAACTTATTTTATAAAAAAATTGAAACCTTTTGAAACGAAGCTCGTATACATACAGACCGGTGAAGGCAGAGGTTA,1
98,gene,CATGGAAAAACATAACGTTTATTCTATGCACAGATCATATGAAGGTGTATACTATTCTCTGAAAGGGAGCATGTGAGAAAC,1
99,gene,CTCCCCAGTCTTTCGCGCCCCGCTTTTCTTTAGACTGTTTTTTGTTGTACACTAAGGGCACAGTACGATAATATGTTACAT,1
101,gene,TGTGTAAGTTTTTGTGACACGTTTAATGCGTTAACAATGCATTGTGACATAATTTTTAATAGGAGAAAACTTACGAGCTTC,1
106,gene,CCATGTATATCTGTTTCATTTTATTGGCCATTTGGATGACGGTGTGGTTTTATTTTTAATGAAGCATAGGGATTCCATTGA,1
109,gene,TACAAAAAGGCTAACTTGTTTTGATGCCGGGTCTATTTGGTGGTAGAATAGATTCATACATTTTTGCCTGAGGCCATACAT,1
111,gene,AATTCAAAACATTTGAAGAACGCGGTGACATGTTTATAGATGCCGTGCATATGCTTAAGTAAGGGCTTGTCTTGAAGTAAA,1
112,gene,AGTTTTTTTATTTTGATCCCTCTTCACTTCTCAGAATACATACGGTAAAATATACAAAAGAAGATTTTTCGACAAATTCAC,1
115,gene,GTTTTTTTATTTTCTTAATCAAACAAAGAATTTTCCAAAATATCAAGCTACACTAAAAATATCACATATACAGGAGGAGAC,1
116,gene,TTTAAAATTGTTTTGATTTAGAGCCTGAAACCTTTTCGCCACCTATCCGTAATTTCATACAAGGCAAACCCAAAGGAGACT,1
120,gene,TGTCTTTGTTTATTAATAGTTTATTCATATTTGCTTGTTACACTATTTCAAAGTTAGACAAAAAGGAGTGAAAAATAAGTG,1
123,gene,TTCTTTCCTCCTTTTTTGGGCGAATGCCGTGCCACTGTGCCAATGACTACATAAGTTATAAGGAATTCACCCACAAGGAGA,1
124,gene,TTTTTCCTTCTATGATTTTAACTGTCCAAGCCGCAAAATCTACTCGCCGTATAATAAAGCGTAGTAAAAATAAAGGAGGAG,1
128,gene,GCAAAAAATCCTGTCGAACGATGAAGGGATTTTGCACTAAAGCATCGAATAATGTACGACGGAGTGTTATAAGATGGGAAA,1
129,gene,TCGCCGCTTTGACAAGATAAAAACTTGACAGTGTCATTAAAACCGTGTAAACTAAGTTATCGTAAAGGGATTTGACTTAAC,1
130,gene,ATAAAAATTAGAAATGAAAGTGTTTGCATAAAAGAAATATTCACGTTATCATACTTGTATACAAGTATACTCCTTGAGTGA,1
132,gene,GCTCACACTTTTTGGCAGCTGCGAGTAAAATTTGAAAATAACGGGTATAATGCATGTAGAAAAAGCAAGGCTATGGCAATT,1
133,gene,CACCTCTTTCTCTCGTTTTAATTGTCTCTAAAAGCAGTTATGCGGTACTATCATATAAAGGTCCAATGTTTAAAAATAATG,1
137,gene,TGTCGTAAAGTAGACTATTATAATTAAAGGAAATAGGAAAATCAAACAGAATACATACAATACTGCTTACTTTTGACGAAA,1
138,gene,AACGGGAATGAAAACGGTTTATACTTGAGTTGTCAGACCTCTTAGCGATACAATAGACGTATAGAAAAAAAGGAGGCTTTC,1
140,gene,ACTAAGGAATCTTCTAAATTTAACCTTCTCGTAATCTCAAAAGAATGGTACGATATGGCTAGAATTTAGGAGAAAAGAGAG,1
144,gene,TTTGTCCCATTTTCTAAATAGTTTGTCAATTAAACGTGCATATGTGCATATGATGAATATAAATCTTTTCAAAAGACTTGT,1
145,gene,TCACAGCGTTCTTTGTAAGAAAACATTGACAGAAAATGCAAACAAGATTATTCTATATTTGTACGTACTAATTAAATGTAA,1
148,gene,TGTAAAATTGAATATTCCCAATTGGAGCTCAGGATGTCCATTTTGCTACAATCCATACCAGAACTCAATGAGTAAAGGTGT,1
152,gene,GCAAAAATAACCTTTAATTTGTATTCATGTTTACCCCTCCTTTTGAGAAACCTATCTGTTGAGGAGGGATAAACATGGGAA,1
153,gene,TGGCGCTTTTTTGGGTGAGTTATAATTGACATTTTTCTTGTGGTTTGATACTTTTGTTATAGAATTAGCACTCGCTTATTG,1
154,gene,GCAGGTTGCTCAAATAGAGCAACTTTTTTTGTTTTCAAAAAACATAAACGATATAATAGTGAAATAACGAAAAAATATGTT,1
155,gene,TTTCATGAACAAATTCACAATGTCCCTAAAGTTCCGGGCACCAAAACCGATATTAACCATAGACAAGCTAGTAAAAAAGGA,1
163,gene,CGCATATTCTATGGTAAAATAAAACGTAAAATCATAGTCAAATCAATTCAATGAAGCTGATTGGCGGAAGGAGTTTTACAG,1
165,gene,TTGCACAAAAAGTTTTTGATTTCTGGTCAAAAAATGTTTGTTACATGGTATCATAATAACAATGAAAACGACAGTTTTTCT,1
166,gene,AAAAGCACATTCATACTTTTTGAATGTGCTTTCCATATAATTCATGTATAATAGATTCTTGAAGCTACCTTAGCTTATCCT,1
170,gene,AGTAAACTTCAACACTGACCCCTCCTTATAAAAATTACCTTTCCTGACAATCATAGTATGAAAGCGTTAAACTTTCAATGA,1
171,gene,CATGATAAATCAGGAATTTGTCCATGGTGTTATATCTGTTCATTCTCTATAATTCCAATTGATAATAGTTATCAATTGAAC,1
174,gene,CACTATAGTTTAATTTAAAATCTCCTCATTTGGACAAACAGCTGTTACATAGCATTACCCAAGGGGTGATGCATTTTATGA,1
181,gene,CACCGGACATCAAATGACAAAGAACTTATACGGTGGGACAAAGACTATGCTAAAATAGAGGGAAGAGTGATGAAGCAAAAC,1
183,gene,TTTAGGATAATATACAAAATCCCCCTTACTTCGACAATTGCAATCTGGTATTATCGTATCGCATGGGAGCTATGTCAATAG,1
187,gene,TAACTGAAGGATTTTTCAAAATATTTGAAACGTTAGTAGGTTAGTAACGTACAGAGATATGGGAGGTGGAGGAATGAAGCA,1
189,gene,GGAAAGGGCTTTTTTTTATTTCTTCGAATAAATACTATAAATGAAAACTATGATGTCAGAAAGGATGATTACATGGCCGCT,1
193,gene,ATGAATAAAAATATTAAATATACGATTGAATTAATTTTTATTCATGTTATAATGTTAAATAATTTCACAAAGACCAAGAGG,1
197,gene,TGCTTTTTTATTGAGAAAAAAGACGAACATAAAAAATAGGTATACGGGAAAAATAATCCTATTAGAGAGAGGGGAACTGAC,1
200,gene,TCCCCAAAACAAGAAATTAGGTTGATAGACAATCATGAGAAAGATTTTTACAATGAGTTCGTGCTCATAAGAAGTGTAGAG,1
202,gene,CCGTTAAGCCGGAGCTTTCTCATGAAGTGAAACATTTTTCATATTGAATCGTATAATGAGAGAGTTTAGGAAAAAGGAGGA,1
205,gene,AAGCATTGACAAGACCTTATAACGATGGGATAATTCAAAATAATTTATAAAATCTATATTTTCTTATCAAGAGCAGGCAGA,1
206,gene,CCATGTCAGGAAATCTTACATGAAAATGTTTTATCATTCTTTTTTCTCTATAATGAAGAAATATAATAATTGCTTTTTATT,1
208,gene,TAACATTTCATTTTCAAAAAAGAGATTGATCCCAAAGGAATATAAAGGTAAAATAAAAACAAATCAAAATGTTAACGTTAA,1
209,gene,AAGCTGTCAATCATCTCCAAGCCAAGTTGCGTTATGGTTTTCCCTCCTTTATAATCGTGTCACAACGAATGTACGGGAGCT,1
210,gene,CTCTTCACAAAATATATAATTCCTATTTGTTTACTAAGCTTTTATTGTTTATACTATAAAGCATACTCTGATCTTTGACTA,1
211,gene,AATATTTTACTTAATAAACAATTGGAAGGAATTCAGATTTTAATTGTCGAACTAGTCAGACAAGTTATTATAGAAATTTCC,1
212,gene,GTTGAAGTCAGCTGATCTCTCTTGTTCACAGTGAATGAAGACCTGTGCTATATTTAATAGGGATACATAACAGTCATGATT,1
213,gene,GCTTATGATCAATGTTTCATCGCTTGAATGGCCGGGAATACTTTGTTAGGTTAAGTTACCAAGTGCACCCGCAAAAGAATT,1
220,gene,TTTTCACAATTTCCCATAATCTTTTCATTTTTATCCCACAGTTTTTGTTTATGATAAACTCAAGTCATAAACCTATCAATA,1
221,gene,ATGTGCAAGTCAGAAACACATTGTTACCGTCTTTTTGGAAAGTATGGTAAAATGCAATACATACTCGTTCGTTTCAAGAAT,1
225,gene,GTTCAGCCAGAAACAATCGTTGCATTCCAATCTATGAAATTATATACTACTATTAGTACCTAGTCTTAATTGTCCGGATGG,1
226,gene,TCAAAAAGAAATTAAAATAATTATAATTGAAATTCTCTTCGTGCGTGCTATAATAAAGGAAGACATCAAGAAATAACTGAC,1
229,gene,GGTGAAGCAATAATGGAGGAATGGTTGACTTCAAAACAAATAAATTATATAATGACCTTTGTGTGAAATATTGCAGCCTTT,1
230,gene,TTTAGAAAGATTTTGCAAATCCGTTGACTCTCCCCTAGGAGGAGGTCTTACAGTATAAGGGATACACACTTGAAAAAGGGG,1
231,gene,TTTGTTACAAAGTAAAACATGTTTTCTTCGTCTTTTCAAGGAACTTGTCTCATAGGTTATAAAAAGGCATATATGGACAAA,1
233,gene,AATGACCTAAGTGCGCCAAACGTGTTACGGGACGAGCTATCTCATGGTATAAATGGAATTGTAAACGTTATCAAGGAGGTC,1
236,gene,CACACACAAAAAACAATAAATAGTATAGACTATTTGAAAATATATGTTATACTAATTCACAATTAGCAAAACACAAAAAAC,1
238,gene,GGCGTTCTTAATAAAGGAATTTTATATTTTACTTCTAATATTTAGTGTTATAATAGATTCATATTTTATACGAAAGGATTT,1
239,gene,TCCTACATCTTCCTCGCTCTTTTTCTCTTCCTTTCTTCCCTTAACCATATCATAAACAAACATTGTGGGATAAAAATGAAA,1
240,gene,CTGGTATATTTTCTTACACGAATTTTCGACAAACTGTATATTTATGATAGAGTTTCAATTATCATAATATTCAGTAATGAT,1
242,gene,GATCATGTGGTCACATGGATGTTTATAAAGAAATGGTACAGAATAAAAGAGAATATGCTGTTTGTGTGGGAAGTTACATAA,1
243,gene,AAGATGAGATATTTTTGTTTCATCTTGAAACTTTTTGAAAAGTCCGCTGTCTAACCGAATGAGGCCTTAATAAGAAGTAAA,1
244,gene,CCATCCGTTCTCCATAAAAAACTCTTGAGTTTATTTTATCCTTGTGTAAATATAGGTGTCAAGACAGGTGTAAACAACAGG,1
246,gene,AAAAATATTGTTCGGTTCAGGACAGAATGAACCGACTGCCTTTCGGATATATTAAATTGCGATTGGCCGGAAGAAAAGCCA,1
247,gene,AATTATTTAATCAAAACACATGGTTTGCATCCTTTTCAATAAAGGTTTAAAATAATAAATATCTTGAAATCGAGATAAATA,1
248,gene,AGGTAACTAAATTTTTTAAATATTCTTTGAATTAATAGGCCTCTTCTATATAATGATGACATAAGTTGTAAACTTTTATAA,1
251,gene,AAATCAAATCAATTCAAAAAAAATAGAAATACAAGCTTCCCAGCGCGCATATATTCTAGAAGAAATGGCTGTCCAACTAAA,1
252,gene,ATAATTTGGCTATTTTTATAAAAAGGCAAAACGATGAGACAAATGTGCCGATATAAAAAAGAAACAGCAAATGCAAAATCA,1
253,gene,CAGCATATTTCTGAAAAAACGCACCTTGCAAATTAGACTTAAACACAGTATACTATTTTTCGTGAACTTCTTGCTTGAGAC,1
254,gene,GCGCCCGGCCCGTAAAAATTAAAGTGTTAGAACCTCCTTTCAAATCATACATATGAGATGAAAGGGGGTTCTTTTTGTATG,1
255,gene,TTATATCAAACTATTTAACTAAAAAAATAGTTGACGAAAACGCTATCATGATTTATGATGAAAGCGTATTCTTAATCTGAA,1
256,gene,AATGTCATGAAAGTATTATCCTAATAAAAAGAGAGAAAGGCTTGCTTAATACAGCCTTTCTCTTTTTACTATAAATGAAAG,1
258,gene,TTTTTCATGAAGGACATCTTTTCCTTTTTCATATCAGAAAGAAAGGGTATACTACGAGGAGACTGTTTTATAGAAAATGGA,1
259,gene,TTGTAAAATAGAGCCAAAAGGCATATTGACCGAATGCTAGAGTATATAGAACAATAATACAAGGAGGCGTGGCTTGTGACT,1
261,gene,ATGTGTTCATAAAAAACTAAAAAAAATATTGAAAATACTGACGAGGTTATATAAGATGAAAATAAGTTAGTTTGTTTAAAC,1
262,gene,GCAAGGGATTGACGCTTTAAAATGCTTGATATGGCTTTTTATATGTGTTACTCTACATACAGAAATTCTTCACTTTGTTGG,1
266,gene,TTCACAAAATATATAATTCCTATTTGTTTACTAAGCTTTTATTGTTTATACTATAAAGCATACTCTGATCTTTGACTAATC,1
267,gene,TTCACAAGATTGTTAGTTTTTTCTCGATGGGTACAAATCAATTCACGTTACAATAAACACACAACGTGACTTTCTTCGAGG,1
268,gene,ATAGTCCTTTGAAAGCGACACAGTTCTCAAACTTTCTCACGATTTGATAAAATGAAAGTAACAGAAGGAAAGCAGGGGGAA,1
271,gene,TTTTCTAAAAGGGCTTTTTGTTTTGCGCACCACATGGACTGCCGCTACATAGGCTAGAGAAGGACCTTTCATTCAATGATA,1
277,gene,CACTGAATTTTCACAAAAGATTTATGTTTCAGCAGGAATTGTAAAGGGTAAAAGAGAAATAGATACATATCCTTAATAAAA,1
280,gene,CAAATGGGTTATTTGTCTTAAAATTTTGAAACTTTTCCCGAGGTGTCTCGTATAAATGGTAACGGCAGCCGTTCATCAATG,1
283,gene,GCAGAAAAATACGGCCGTTCCCTGGATGGACTTTTCCCAAGCGTGTTAAAAGACCTCGCTGAAAAAGGGCTGATTCACAAT,1
285,gene,AAATATAAAAACAATAGAAAATGTCGTTGACATGTACGAACATATATAATATGGTTACTTTAAAAGCGCTTACATTCATGC,1
289,gene,GAAAATGGAACCATGCCGTTTATTGTACAAGGATGAAAAAGTTGTATTATAATGGTTCATACTAAAGTCACGGAGGTGTCA,1
291,gene,ATCGGCGGAAATCGCTGATTCAAGTTCTGACTGAAGCTGTTCATATGATATACTGTAAGCAAACGACAAACGGCATCATAG,1
293,gene,CGCTCTATCCTGGGTTTTTGGCTGTGCCAAAAGGGAATAATGAAAAACAATAGCATCTTTGTGAAGTTTGTATTATAATAA,1
297,gene,TCATAAATCAGACAAAACTTTTCTCTTGCAAAAGTTTGTGAAGTGTTGCACAATATAAATGTGAAATACTTCACAAACAAA,1
298,gene,AGAACTTATTGGCTTATTTTGCAATTTTTAAATAATAACGTTTTCTTTTATAATCCAATCATTAACAGAAAGGGGCGCGGG,1
301,gene,ATAATCTTTAATTCGAGATGTTTTACTTGAAAGTAAATTTCTTTGTCTCTATAATAAAGTCTAAGAGAGACAGAATAATCA,1
303,gene,ATACAAAAAAATAACAAATTAGCTATTGAAGTCGAACCGGAAATCTTTTAAGATGAAAGAAGAAACGGGTTTCATTTTTTT,1
304,gene,AATTATAATTTATGTACGCGTTTTCTTGACGCCCTTTTGAGGGAGGAGTAAAATGAAATTGTCAATAAATCTTAATAAAGT,1
305,gene,TAAGTAGAGGGAGCGAATGCACGATTGTCCGATTCTTCATTTTTTACTATAATCAGATCAGATGAAGAATCCCTGAGGAGG,1
307,gene,GAATTTTTGTATCGTTCGATAATATCGTTGACATTATCCATGTCCGTTGTTAAGATAAACATGAAATCAAAACACGACCTC,1
311,gene,TCACATTTTTTTCAAAATATATGTATTGAATTAGTAATTTGATAGTTTTAAGATAAAAGTACAACATAGATCTGCTAGAAA,1
312,gene,TTGACACATTTTTTTCTTAGGATACTGTTCACACTTACTTTTTTATAGTATAATACCTGTAAAGATTCCTTTTTTAGAGTA,1
315,gene,CCCCTCTGTTTGAAAATATTAATTATTCTGAATAGTAGCAATATGTGCTATATTATATACAGCCTATCTTCCTGTTTCAAT,1
316,gene,GGAAAAAATAATTTGTAAGCATTAAAATAGCGTGAACGAATGGGAGATGCTATACTAAAAATCATCATTTCACATTGGAGG,1
318,gene,AGAGAATAAGTTTTTCAAAAAAACACTTGATTTTCTCAAGAATACATAGTATAATGTTAAATGTCACTGAAATTGTCTGGT,1
320,gene,CAGCTTCCCTCATATGGAGAATGCATGTATAGATTCTCCAATATGTCACAATCTATAACTGTTTTAATAATTCATGGAGGA,1
325,gene,GTGAATATCCCCCTGTCGGTATTTTCTTATCATTCTGACTTCTCTTTGGTATGATGAAAAGTACCAATTATAACTTTTTGA,1
327,gene,TGCTTGTCTGTTTATTAAAGAGGAATAGCTGTTCAGTATTTGCATATTGTAGTGTTAACATCATGAGGGAGATGGTTCGAA,1
329,gene,TTTTGTGAACAAAAGGCTCTGGGAATTGCCACAAAACACATATTCGCTTACACTTGGAACGTATATAAAATTGCAGCAGTA,1
330,gene,CTGTTTTTTTATGCGTTCACCCATTTATAATCCACCGCATATGATGTAAAGCAAGGTTGATATGTGGAGGAATGCTTCCAT,1
336,gene,TTTTATAAGATCTCAGCGGAACACTTATACACTTTTTAAAACCGCGCGTACTATGAGGGTAGTAAGGATCTTCATCCTTAA,1
339,gene,TATTTATCAGTTTATAATAATTATAGTTGGAACTCTGCGCGTATTTTGTTATAATGAGTCATGGAATGCGGCGTAGGAGGG,1
342,gene,AATAACAATGAAAACGCTTAACACAACTGTGTTGGCACGATCCTTGCATTATATATGGATGTACAAAACAGGAAAGGAGCA,1
346,gene,TCCGGCAGTTTTTTTATTTTGATCCCTCTTCACTTCTCAGAATACATACGGTAAAATATACAAAAGAAGATTTTTCGACAA,1
348,gene,TAATAGAAATCAATAAGATTAATTTAAAAAAAGAGATACATATATATAGAGTTAACATTTGGGGAGGAAAATATGAAAAAG,1
350,gene,CTGATGATTTACATTTTTAAAGAGCCTTAACTTTTATAGGAACATATGCTATTATTGTTTATTATTAATGGAACGTAAAAA,1
351,gene,GAAAAAAAAAATTATAGGTAAACATTTAACAAATGTCTGATTATTGTTTATAATGAGAATAGGCTTAAACTTAAATAAGCT,1
353,gene,AAATAAAATAAATTGGCCCCGGCTATTACTATGTCCCCTCTTACAAGCATACATTGTGATATGTAAGGGGGGATTTTCTTG,1
354,gene,GATGTTAAGAATCCTTACATCGTATTGACACATAATATAACATCACCTATAATGAAACTAAGTTAAGAAAAGGAGGAAATT,1
356,gene,TTGAGGTGGATTCTATTTTTTTGTCTGTACAAATTACAGCATAGTGACTACAATAAAGGGGATACCGAAAATTTCCTGAAC,1
359,gene,ATCCTTGTGATGGGCGTTTTTTTCTGTTACTTTTTGCTTTGTTTTACCGTCTATGTAGTTACATGTAGGCACGTACGTTAT,1
361,gene,GCTTACAATCAGTTCACACTTCTTCACAGTCGTTTAACAATGATTTCCTATAATGGAGACGATCAATGAGGAGAGAGGGGA,1
362,gene,AAAAATCGCTTTTTAATCTAACAGGATTACAATTCAGCAAGCTTGGGTATATACTCCATTGATACTTTAAGTAGGCGGTGG,1
363,gene,AGTCGGTTCATTCTGTCCTGAACCGAACAATATTTTTGGTATAGATGGATATATTAAGCCAAACAATGATAGCAACAGGAG,1
366,gene,CTAAAATAAAATCATGAAACATGTTAAGATGACATAAAATAGAGAAATAGGATGTCGGGGAATTATAATACTGGAGGCACA,1
368,gene,TCAATAGGAATTCTAGCGGTTTTGCTGATGTAATACGATCATAGTAGCAGTAAACTGTTGAAAATAGAACTGGTTGTGTTA,1
369,gene,CTTTTTAAAAACTTCAAAACATCATGAACAACATTGAGCGTTGGGCATATGCTGATATGGAATCTGATCGATAAAGGAGAA,1
371,gene,CGAATAGGGATTGCTTTTTTATTTCTTCTGATTTTCAGCTTTCTGTCATATAGATAGAATATGACACAATCGGAGGGATGA,1
372,gene,GAAAAAGCCGAAGAAGGTTAAGCCTGGGTATAAAAAGAAAATGAGCTATGAGATGGAGAAAATCAAGAAAAAACAGAGAAG,1
373,gene,AACAAAAATTATCGAGTGGAAAAGACAATTTTCATCAATTTTCGACAAATATTAAGAAAAACCTTCCATGTTTCGAGTTTT,1
376,gene,ATATTTATACTAATTTTCAAATGAGAAGGAGTATAATGTCTCAATGTCAAATTAAATTATATAAGTTTTTTCTGAAAATAG,1
378,gene,GTGCGGCTTTTTCTTTGCGTTAATGACACACTGCGAACTCAGGCTGCATAGAGTAAAAATAAAAAGGTACAAGACGGACCG,1
379,gene,TTAATTTTCAGACTTTTCTTGTCAGGGAATGATTATAGAACTCGCCTAATAGGATGTTACAAAGATGTGAAGGAGGAAACG,1
382,gene,TATTAGAAAATGGAAGTGATTCACCTATAAATGAAGCATGCGCGTGCCGATAAATAAACTAGTTTTATATACTCATAGAAT,1
383,gene,ATTAAGATTTGCCAATGACCTTTACGTCTATTTTAAAAACATCCCCCATATACTTGTAACAGATGCCGTAAGGGGGGACAA,1
386,gene,TAAAAAATTAAGTAATTTTCTTCTCTTGAATTTTGATTTTGACAGGCATACAATAGCTTACGTAATGTAAATAGTTTTGAG,1
389,gene,AATTCGAAACATTTTCCATCAGTGGCGTATAAAACCATCACGCTTGGAAAAAATAAAAAGGATTATGAAATGGAGGGCTTT,1
397,gene,AAGTCCTGCATGCTGCATATTCGAACTGTTAAACAAGGTGAAAAAACGATTTAATTAAGGTATTAGGGGGATAACAATGCA,1
401,gene,TCTTTTTGGCTGTCTTCTGCCTTTTTAACTTTCATTGCCCAAGCTCTTTGCATATCTTATAAAAAACAAGGGGGGCTAAAC,1
404,gene,TGCTTACTTTTACCCTGATATCAATTGACAAATTATCGTAGAAAGAGTTACACTAATTATAAACATTACAATGTAAGAATT,1
407,gene,GAATTTGAAGTTTTAATGGCAAAATACAAAACAAATGATCAGTCCTATACGTCTTATGATAAATTAAGTGAAAAGCAAATC,1
408,gene,ATTTTTCATAAAAACGAATCTATATATTGTGTTTTTGCTAGAGGGTAGTATACTATATATAGTGTTAGTGATGAGAGATTC,1
409,gene,ATATAACTCAGGACGCTCTATCCTGGGTTTTTGGCTGTGCCAAAAGGGAATAATGAAAAACAATAGCATCTTTGTGAAGTT,1
414,gene,GATGTTATCATTTTTAAGCAACTATTGATTAACTTTTGGTTTTTATTATATATTTATGTTACGTAAAGATTCAAGAAGGAG,1
415,gene,TATTGGAAGGAACGATGACAATAGATTCGAAAATAGGTCTTGGGACATTTATTATGATTAAGGTTCCGTTATCTCTTTGAC,1
417,gene,TGAGAAAAACGTGTGATGTAATTCACAATCCTGTTTGGCTAGTTTTTGTATGATAAGACTGATTATTGAATCATTGAAAGG,1
426,gene,GGTCCGTTTTTTTGTAAAAAAAGGATTGACTTTGTGAGTCAAAGTATTTATTGTATTAAGTGTACTAATTGAAGTAATACA,1
428,gene,GTCAGAACCGCTGTGCCTACGGCGATTTTTAACGGATCTCCTTTGACAAACGATAAGATTTTGGCAATGAGAGGATCAAAC,1
431,gene,ATGACCACATGGTGCAAGACACCGTTTCGTTTTATGAAAACAGGGGAGAACAATTTAAGAGAGATGAGGCGATAAGGAATG,1
432,gene,TGGAAACATACCCAATGTGTTTTGTTTGTTTAAAAGAATTGTGAGCGGGAATACAACAACCAACACCAATTAAAGGAGGAA,1
434,gene,ACCGGCACCAAAATGCAAATATGGTGATTGATTTTGGCTGAAAAGGGGTATGGTGTAAGTAGAGGGAGCGAATGCACGATT,1
436,gene,TTATTTTTCTCCACAACAATTGCCAGCATAAATAAACCCCGTATATTTCAAACTAAATACGCGTTAAGAATTTCTTTATCG,1
439,gene,TAATTGGCAATCTGACATACGATGGTTTGAACCCCTGTATTTTTGGGGAAAATGGGAAAAAGAGACGACTTTGCATATCAG,1
440,gene,CGTTTAAAAATTTTTAAAAAAGAGGAATAGCTATACGATCACCTGCACATTCTAATGACCGTGGAGGTGATAACAATGGCT,1
441,gene,TTGTAATGGATTTATAACGGAAACGACTTGGCACAGGCCAAGTCTTTTTTATAAAATGGAAAAGAGTGAGTAAAAGGGAGG,1
442,gene,AATAGTTATCATCATGTAAATATATTTTACTTAAGCCTAGTATTCCGGTAAAGTTCAATTAGATGCAATTTTCGATCAGTT,1
444,gene,GTGCGATTTTGCTTGCTTTTATGCAGGAGTTTAATGGAGGGATGGAGAATTACTCTTCTTAATGAACAAGAAAAGACGATT,1
445,gene,ACGGATTTAATTGGTGTGTAAGATATGTCTTTGATGTGCCATTCCTGCATATAATGATTCATTCAGCTGATTAGGGAAGGT,1
446,gene,GTTTGACGCAGCCTTCTTTTTTCATTCATTCATGCCCGTTTCAAAGCATACATTCATAGAAGACAACTAGAAATTGTAAGC,1
447,gene,AAACGTTTTTTTGGTTAATCTGTCAATGAACTATCATGTTGCTCCTTCTATAATGAAGTCACCATAGCGGCCAGAGGGGGG,1
448,gene,TGCCCCTGTTTTTTTATTAGGAGCGGTATTCTCTGTTACATATTGGGCATTGTAAGGAATATAAGGCTGGTTTCAAAGGAG,1
450,gene,AAATAATTGTAGTTCCTCTTTGACGGAATTTCTTTTCATTCAAGTTGCATGATAATACCGACTCACGTCAATCGATACATG,1
451,gene,GTCGTATTGAGGCCCGATTTATCATTGACAAAAAATACTGAATTGTAATACGATAAGAACAGCTTAGAAATACACAAGAGT,1
452,gene,CAAAATGTCCGTTATGATCATAAACTTCCCCAGACTGTATGAAAACGCTATCATTCTAGTAAGAAAGACACAAAAGGCGAA,1
453,gene,AAACGAACCCAATTAGTATGTAATCAAAATTAAGTAAACTTTAAAGTAGTACGGGTCATTGGGATTGATATTTTGTAGTAA,1
460,gene,TCCATTTTTCCTCATCTCCTTGTAGCGTATAGTTCTTTTATTTCCACAAACAATAATGGCAAGAACTTTAAAGGGGGTCTT,1
462,gene,GAAGAACAAATTATAGAAAAATAAACATGATCAGCGCTTTTCTTTCATACATTGATAGCGATATGAAAGGAGGCGTTTTTC,1
463,gene,ATAATTTTAATAAATTTTGCATTTTTCTTCAAAAAGTTTCAAAAATGCCGAAAAGAAAGGAGAAAAAACAGAAATTCTGCT,1
464,gene,GGGAAAGCATTTCCTCCAGATTTGCATGCATAATTAAAGCCAGTTAGAAAAACCTATAAGTAAAGTGATAAAGGAGGAATT,1
465,gene,AAAAACCGAATTTCATGAATGTACATACACCCAACTTAAGCATCAGGAATATGGTAAAAGGAATAAAAAAAGCTAGGGAGG,1
466,gene,AGTTTCTCATTATTTCCAAATACATTGTCAACGGGAATGAAAACGGTTTATACTTGAGTTGTCAGACCTCTTAGCGATACA,1
469,gene,GGACTTTGGACGATAAAAAATATCCCGCATAATTTTTCAGGAAAAAGGCATCTTAAACATGTACCTATTTTTTAAAAGAGG,1
470,gene,ATGATGAAATTCCTTAAAAAGGATTGACATGAACTTCTAAATCTCATAGTATTACAAATGTGAAATAAATGTTACTACAAT,1
471,gene,ATTAATCATAAGGCGAATCGATATTGGAGGTCAATTTCCAAAGAGTGTATAGTGAAACTTATCACAAGATATTTAAAATTT,1
472,gene,TCCGAAAAAAGTTCTGTAAATGGTTTAAATGAAAAATGATCCGGGTAGTTATTCTACAAAGAGATGGTTAACTGAGGAGGA,1
473,gene,CGAATTGTCGGAATGTCCTGCTTTCGCTAAAATAAAATCATGAAACATGTTAAGATGACATAAAATAGAGAAATAGGATGT,1
476,gene,ACTGGGCAAGTGATTCAGGTCTCCGGGTTTTAAAGCCTTTCTCCTGTGGTATTGAAAAAAGGAAAAAGGAGGATACGTTAT,1
479,gene,TTCATCAACTAGAAATAGATTGTTCATATTTTTTTCATACCTTTGGACTACTATTAATTTATCAGCAAGGGGACGCGCCCC,1
481,gene,ATGGCTGAAAAGAATTGTAAAAAAGATGAACGCTTTTGAATCCGGTGTCGTCTCATAAGGCAGAAAAACAAAAAAGGGGGG,1
482,gene,GATAAGCTTTTTTATACGCGAAAAATTGACATTTCAAATTTAATTGTGTACAATTTAATTGTATAAAATATATTGGGGGAA,1
484,gene,CCTAAGGCCCAATTTGAAAATTACCCGTTTACATTCGCTCCGGACTATGATAATTTAAGAAAGCGCTATCATGATAAGTTA,1
485,gene,AAAAGTGAGGATTTTTTTATTTTTGTATTAACAAAATCAGAGACAATCCGATATTAATGATGTAGCCGGGAGGAGGCGCAA,1
486,gene,TTTTCTGTTTTGCCGGAATTCTTCGGTCTATTTCCTAAAGAGGCTCGTATACATAATAGTACAAACATCCTTAGGAGGGAA,1
489,gene,AATAATTTTATCTTTTTTAATAAAAATTTATTTTTCAAATATTTCAGTTATAATGGTTTGGAACAGATAGGAGGGGCAAAG,1
491,gene,GGTGTGGTATAATAGCCGCGACAAGGAGAGACAGGCTATAACCTATACATAATCTCCTTTGAAAATTAAAATAAAGAAAGT,1
494,gene,AATCTTTCCCAAACTAAAAAATTCGGTCATCACCCGCATATTCTATGGTAAAATAAAACGTAAAATCATAGTCAAATCAAT,1
496,gene,TAACAACTCTATAATCATTGTAGGTTTTCAAAACGATATAAACAATATATAATTTAGATCAAAAGAATCTCAAAATGAGAT,1
504,gene,CGGCAGAAAATTGGTTATTTTTATTATTCCGCTCTGCACCCCATTTGCATTATATAGAGTATGGATAAGAAAGGAGTGAAG,1
505,gene,ATTTTTATATTTTATTTATAAAAATGCACACTAGACAAATGCCCAGCATAAGATAACACGAAGAAGAACAAGGAGGCATGC,1
506,gene,AGCAAAAATAACCTTTAATTTGTATTCATGTTTACCCCTCCTTTTGAGAAACCTATCTGTTGAGGAGGGATAAACATGGGA,1
507,gene,TCTTGTTTGCATTTTCTGTCAATGTTTTCTTACAAAGAACGCTGTGATATACTGAAATTTGTCCGTATACATTTTGGAGGA,1
508,gene,GCGGGCTGCAGCACGAAGATTTTTTGTAACCATCACGTCCTTATTGTCATTAACTATAGTACCAATTTGGAAAATTTAGAT,1
510,gene,AAAAATCCTAATGAGCGGATTAGCAGTTTATATGAAGAACGCCACGGGTAAATGTGCTGTAGAATGTTTCGTTTTAAAAAG,1
512,gene,AACGGTATTTCCAGCTTATGATCAATGTTTCATCGCTTGAATGGCCGGGAATACTTTGTTAGGTTAAGTTACCAAGTGCAC,1
514,gene,GTGTACGCGAATTGAATAATAATGTCTTGCGTATTTTATTTTCCGTGTCTATAATTGCATTAAAAGTATGCGAAAAGCGAA,1
516,gene,AAAAAAACTGTACGAGCTAGTCTGCATGCAGAACCTGACGGCGTGCTGGGTTTCCCTTATTTTTTGATAAAAGGCTTCCGA,1
517,gene,AAAATATTTGTCACTGAAATTATATTTGACTGTCACATGACATTTGGATATGATTATTTTTATAATTGATAATGATAATCA,1
518,gene,ATCCTCCTGTTGTTTACACCTGTCTTGACACCTATATTTACACAAGGATAAAATAAACTCAAGAGTTTTTTATGGAGAACG,1
521,gene,AAAGCGCTATAATGAAAGTTGGCTGTTTGAATTTGATTGGAAGAAGAGTATGCTAGTAAAAGAAAGCGTTTTTGTAACTTT,1
522,gene,AACGTCTGAAACAGTAAGTGAATTTGTGCATAGCTTGGCCCGTTCCCGAATAAATTGTACAAGTTACATAAGAGAAGGGAG,1
527,gene,CAGCAGGAAAATGAGTAAAAAGTCTGGCTATGCAAACCGTCCGTTTGGTATACTGTTTGCATAACACATTCTGTAAAGCCT,1
533,gene,TGACAAGCATCTGACTCATTCACATAGAGAATAAAAGGAGGTCATCATATGGCTGAATGGAAAACAAAACGGACATACGAT,1
535,gene,GGAAACGAGATAATCATCATTTCTCTATCATAACGCTGTTCCAAACGGAATAGATTGATAGAGAAAGGAGAGCGGATAAAA,1
537,gene,AATAAAGAATGCATTTTCATATCTGGCTTCGAGAAAAATGTTTGCTGATGTTGAAAATTTTTCGATTGAAGTCGCTGATTA,1
539,gene,ATTGAAAGGTTGTCAAGCTAGTCTGCATATTAGGGAAACCCCACTCATATATTTGATAGTGCATTAAGGGAGACAAGTTGT,1
540,gene,CAAAAGGGAATAATGAAAAACAATAGCATCTTTGTGAAGTTTGTATTATAATAAAAAATTGTGATAAAATGATTAATTTTA,1
543,gene,GGAGGCGGGGAGACTTAGATTAAGTTGACGCTTTTTTGCCCAATACTGTATAATATTTCTATCTACGTGCGCCGGGGGGAT,1
545,gene,TAAATCCAATCTTTAAAATCGATTAATACTAGCTTAACAGTTTAAAAATATAATTGGGTTGTCATTGAGATTCATCTATAT,1
547,gene,TTGTCGATTTTTCTAACAATTTTGTTTTCATTTTTGCAATTTTATATATAATATTGAGTAGGAGAAAGGAATGATTCGCGA,1
549,gene,TTTTTTTATGCCTTCAGAGGAGCATCGTTCTACCTGTCCAAATTCAGGCATAAAATGAAACAAGCCTAAATAAGGAGTGAA,1
550,gene,GTGCTGTCTTTTTTTTATTTATCTGTTGACAATGAAAATCATTATCATTTAAAGTGATACATATGATATTGAAAATCATTA,1
552,gene,GAATAAATGAAAATGAAATTTATTCTTGCAAAACGTAATGACTTCGGTTTATTATGATATAGGATTACAAAATCGTTATCA,1
553,gene,AGCGGTGTTTTTGGAAAAGATGATTGACGAATCAAAAACACTTTTACTATAATAAAGAACATAAATAATGTATACAATGAG,1
560,gene,AATAGAAGAAATCGTGACAGATAAGGGTAAAAAAGAGGTTTTAGCGTACGATATTAAGGGTATACATAGTCATATAACAAG,1
561,gene,TATAGAAAATAACATTTTGGGGATTGACCCTAACGTTGCGTGATTGTTTACGATAAAAAAGAGGAGGTGTTATGTATGAAA,1
564,gene,CAGAAGTTTTCTAGTCCCGTTTTATATGAAACCTTTTTTATTTTAGCCCGTATTAAAAGTAAATTCAGAGAGAAGGGGAGA,1
570,gene,TAGTAAAAACTTTTTCAAAAAAGTATTGACCTAGTTAACTAAAAATGTTACTATTAAGTAGTCGCTTTGAGAGAAGCACAC,1
571,gene,TGATGAATAAGGGAATTTTGGCAAATTTTATCGAAGGGCAGCACCTGTCCTTCTCCTTACACTTTGAGGGAGGTGAACACA,1
574,gene,CGCACGTCTTTATAGATGTAAGGCTGTTTAAACAAGAAGAAATGGGGTATATCTAAAAGTATGAAGACAACGAACTCATAA,1
575,gene,TTCAATCGTTCTCATATGTTTCCGCTTTTTCTTTATTACTATTTAATGTAACATATTATCGTACTGTGCCCTTAGTGTACA,1
576,gene,TTTGACGGTAAATTACTTTCGTACTACTACTAATCCTTTTGTTTTTGGTACAATAAGACTATTATCTGTGGAAATCGATTG,1
579,gene,TTGGTATTGTTACCTTCTTTTGACAAAATCCTATCTGTGCTTTCGCTATAATGACAGGCAACGAATATAACAGGTGGGAGA,1
580,gene,TCTCACCTTCTAAAAAAATCTTGAAATGATAGTCCATCATCATATATGGTTAAATGAAAAAAGTAAAGAAAAATTTGGGGT,1
582,gene,TGACTATAAAAAAATCATTTCTGGGTTCAGAAATGATTTTTTATTGTGTTACACTACTAGAAGACTACTTTTAAAGGATGA,1
583,gene,TTATATCATAAAAGCAAAAAAAGTTTGACTCGGTATTTTAACTATGTTAATATTGTAAAATGCCAATGTATATATTTTGCT,1
584,gene,TAAAATCATCTCAAAAAAATGGGTCTACTAAAATATTATTCCATCTATTACAATAAATTCACAGAATAGTCTTTTAAGTAA,1
585,gene,CCGGAGAACTCCGGTTTTTTGTTTTTTTAACGAGGCGGTCTCGCTCAGCATATATCATAAGCGGGGGGATAAAAGTGAATG,1
587,gene,TGTCCTTTTATACAGCAGGAAAGGCTGTTGAACGTGTTAAAAAGCAGATAAAATGGGGGCAGTAACAGAGAAAACAAAAAT,1
588,gene,GTTTCCCTTATTTTTTGATAAAAGGCTTCCGAAGAAACGTAACTGTGGTATGATGTATGGAAGATAGCTAGGAACGGATTT,1
592,gene,ATGAAAACTTTTTGACGGAAAGTGATTGACACCGCTTTCATGCACTGATACAATTGCACTAGGTTAATACATTGTGATGGA,1
595,gene,CGTAAGAGACGCGCGTGCCGTGGCTGTAGTCCGCTTCATTGCGCTTCATTCCGCCGCGCGCTTCAATTTCTTGCGTTAATT,1
597,gene,GAAGTGAAGGTTTACTTTTTTTGATTAGTCAAAGATCAGAGTATGCTTTATAGTATAAACAATAAAAGCTTAGTAAACAAA,1
599,gene,ATTTCATAAATCTTTTCCGCTGAAACATAAATGTTCCTCCGCTTGGGCACGTTATGAAATGTGCAATATTGAATATGGGAG,1
600,gene,TACTTTTCATAAATTCAAAAATGAGAAGAACAGCGCCCGGGCTAATGGTATATAATATTGTGAATTTAACAAAAATTTAAC,1
602,gene,AAGAAAAACTCGGCGAATAGGCTTGTTCTAAAAAAACCCCCCACCTCATACAATGCAGTAATAATGCTAAAAGTATCGAGG,1
605,gene,GCTGCGCTTTTTTGTGTCATAACCCTTTACAGTCATAAAAATTATGGTATAATCATTTCTGTTGTCTTTTTAAAGACACAA,1
606,gene,TTTTTATTTTCTTTTCTATTTTGGTACATAAATTTCAAAAAAACTCTGCAAAATAATGGCGGAGGTGTTTTTTGTGACTTC,1
607,gene,GCCATTAATTTTTACAATAAAGCACAGGAAAGACTCATATTAATGGAGAATAAAGTATACGAAGCCAAAATCAGCATCCTG,1
609,gene,AGAAACTTTATTTGTCATTTACGTATTCTTTTTTGCTATTTTGCGCATAATGATGATAATACACAAAAAATAAAAAACCAG,1
618,gene,CTGGCCTTGGTTAAGGTTAAGATGTGGACGGAATGGGTAAAGTGTAGTAAAGTACAATTAATCGGGAGCTTAGATGTCCCT,1
620,gene,CTCTCCTTCATATATTGACTAGAGGATTTTACATAAAATAGAAAGAGGTGTTACTATCAGAATAAGCAACTGAGATTGATA,1
622,gene,GATACCCTTATCTGGAAGAGCTGGCATTGTTAGGAGGCAACCTTTTCGATTATAATGGAAAAATAGAGGATAGTATCATCT,1
627,gene,TGTTTATTTTTAAAAATGTTGGAAAAGCACATTGTATTATGTGCATTCATACAATACCGTATTACTCCGCCAAAAGGAGGC,1
628,gene,TTACTCCATGAAATACTCTAACACAGTATATCATTTTTTTAACAGGAAAAGATAACCTCTACTAAGGTTTTGGATAAGAGG,1
631,gene,TGGGCGAATTTCCAACCGAATTCGGGCATTGTTTCATCATCCAAACCTCAAAATAATCGGTAAAAGGAGAGTGAATTTATA,1
633,gene,CTCGTGTATCACTTGCGAGGATAGTGTTGCGCCAAGCGTTGGATTTCTCTATAATAGAACATAATATTTCAAAAACCGTGA,1
636,gene,TTTTTTGCGCTTCTGTATAGCCCTTCTTTACCAAGACGGATGATATGAGTACAATAAAGAAAACTAATCATAACCATATAT,1
642,gene,TAACGAACTCATTCATTCACGAGGTACTTTTTCGTTTGCAAAAGGCATATTAATAATGATAAGAAGCACGGATTAAGCATG,1
643,gene,AATGATTAAAAACAAAATCTCATGGTTTGTCCACCCCATGTCCGTGAATACAATAAGAAATAAAGTATTTCTCGGGAAAGC,1
647,gene,ATTAGATTTCTTTTGATATTTTTATTGCTAACTTCGGATTGTTCATGATAATCTATCTATGTAAACGGTTACATAAACAAG,1
648,gene,AAAAGCAGAGTGTGTGACATAGTTCACAAGGAAACACGCTGTCTCTGTTTATAGTGAACTTAGCATCACCTGACTCGGAAG,1
650,gene,AAGGCCCCTTTCCTTCTGCCTCAATGAAAATTCGCTGAAGGTATGTTATAATAACAGTTGGTCTATAAGATAATAAACGGA,1
651,gene,TCACATAACCTTCAAAAAGTAAGAAATGTGAAATGAACGTGCAATGATATAATTGAATGGATCTGCAATAGGGGGAAGGGG,1
652,gene,CTTTATTAAAGATTCATTTTAGATATATCTTTTATTCGTAAGATCATGTATTTTAAAGATATATTTTAAATACATCTTTTC,1
653,gene,TTTTTAAAATCTCTGGTGCCATACACAAAGCATAAAAAATCATACTGCTGGATATACTGTAAACAACCTTACATAACTACA,1
654,gene,TAAAATTAAGGAATCTAAAAAATAAGGTTTCGAAAGTTGAAAAGGTATGGTATCCTATTATGGTTGCAAGAAATAAAAGCA,1
659,gene,TTTCAGATTTTTTAGGTACAATATATTGACATGTATTGAATGATATAGAATAATTGGTTTATATTAGAAAAGGAGGAGGGA,1
661,gene,AAGCGTTATCAATACGCAAGTTGACTTGAAAAGCCGACATGACAATGTTTAAATGGAAAAGTCAGATATTTTTCGGAGAAG,1
662,gene,AAGCGACAATTAGGCTATTGAATTAGTTCAACAAATAAATGTGACACGTATATATGCAGTATGTTTATCATCTATGTATAA,1
663,gene,TCTTTTTTTGTGCAGAGCATTTCACTTTTGAGATCACTTTTTTTCGGATATGATAAAAAGTGATAAGGAGGTTTTTGTGAT,1
667,gene,TTTTTATAAAGGTTTTTTACTATTTTGTGAACAATCAAGGTAGAATCAAATTGCAAACAGTGGTAAAATATCGTTGGAAGC,1
669,gene,TTTTTACAGCTTTCTTTTAGAAAAAGTGAAACCTTTTTCTATGCTTTTCGTATTACATCAGATCATCACCATAAGGGAGGT,1
670,gene,GCGAAAAATAAAGAGCACACTTTCTTGTTTAAATCTTCCCCGGATGTGGAAAAGTAACAGCGGAGACGTTAAAAAGGAGTG,1
672,gene,AAGGCTCCTACAATCACTAAACAGTTCTACTTCCTCTAGCTTGTTCATAGAGTAATTACTAGACAAGCGCTGGAGGGATTC,1
674,gene,AGAAACAAATGTTCTTTTTTGACTCATCATCATACTTGTCCTGAAAGCTCAATATGATATAAAAGGTGAGGTGATAAAGAT,1
678,gene,AAAATAAGGGTGTTAGTACGCCGTGCTTGTCAGATGACAAGTACGGTTGTATGATATAATATTGTGAAGTAATAAAGCTTT,1
683,gene,GTCGCTGATTATTTTCATGAACAAGGAAATTTAATGCTCTCTAATGAATATTATCGTATGAGTATTGAAGCAAGACGAAAA,1
686,gene,CATTTGCAGTGGAATTGATTTCATCGTATGAGTCTAAGGCGCAAAGCAAAACCTAAGCCTGTTCAACAAAAGGTGGTTGAT,1
689,gene,TATTTTAAAGAAAAATTAAGAAACAATGAAACTTTTTTTTATAAAAAACGACTATTTTAGGATTTCATTCTTGTATTAAAT,1
690,gene,ATTTAGTGAGATAGACATTCTGTTAATCACCCTTTTATAGCCCGGGAATACCGTAATAGCGAATAGTGAAAGTGATGTAAT,1
693,gene,TTATACCGCATCTAACCCTAATGCATAATCTCAATTTTAAAAGGAAGAATATGAGAAAACGACAAGGAAAGGTATTTGTGT,1
697,gene,GGGTGCTTTTTTCCTATTGTTTTGCATTTATTTTATATAATATTTGGCTATTTGAACTTCTGCTCTTTACATCTTTCGTTT,1
698,gene,TGCCTCTAGCAGGCAAGTTTTTTCTTTATGAAACCTTTGGCCCTATTTATCGTATTACGTAAAAACAACAAAAGGAGCTGC,1
699,gene,CATCATACAGGCTGTGAAATACATCACTGCTGTACAGGCTCAGTCGAGCTACACTAAAGCTATCCTTAGCACAGGAGGTTT,1
702,gene,AATAAATTAATGTTCGGATTTACAATTGACTTTCTGTTTCTTCACTGATAAACTTGATTTGTTTGAATAGAATCGTTTTGA,1
703,gene,CGATCGCGGCCTATGCGAATCAAAACGGATTACTTTTGCTGACAGCGGGAATTAACGGTAATATCATCCGCTTTTTGACAC,1
705,gene,TGTTCAGCTAAACCATTTTTCGAGGTTTAAATCCTTATCGTTATGGGTATTGTTTGTAATAGGACAACTAAAACGACAAGA,1
707,gene,TTTCAAAAAATATTTTAAAAACGAGCAGGATTTCAGAAAAAATCGTGGAATTGATACACTAATGCTTTTATATAGGGAAAA,1
709,gene,TAATTGAGAATAAGAACATATCATGAACATTAAAAATTTGCTGGATTGACACATTTTTTTCTTAGGATACTGTTCACACTT,1
713,gene,CCAGCTTCCGTCTTTCCCTGATGATATTGACCTAGTACAAAAAGAATGTACAATCAAGATATAGTCTGTTCTTAGTAGATT,1
718,gene,ACAGTGTAAGCTTCGCATGCGGTAATCATATTTCCCGACCCTGTCCCATAGTTATGTAATAACGGACAAGCGGGAGGGGAA,1
720,gene,GTATTTTCCTCTCAACATTAATTGACAGACTTTCCCACAGAGCTTGCTTTATACTTATGAAGCAAGAAGGGGAACAGCGTG,1
722,gene,GTTACAAAAAACACGCATAAAACCCCCTTAATTCTTTAGAAAGGCACGAAATCATGTATAGAACGTCAGAATGGTTTGTCA,1
726,gene,GGCTCTGGGAATTGCCACAAAACACATATTCGCTTACACTTGGAACGTATATAAAATTGCAGCAGTATGTTAAGAAGGTGA,1
728,gene,CTTTTCGATTATAATGGAAAAATAGAGGATAGTATCATCTGTTTCAAGAAGATGGTATATGCTCAAAAGCAAATATCGAAA,1
731,gene,AGTTCGGGAATTTTTATTTTCAGCCTATGCAAGAGATTAGAATCTTGATATAATTTATTACAATATAATAGGAACACTCAT,1
732,gene,TATAAACTTTATCGCACTTATAAGTAAAGTTTCTAGGCACCCCTGCATACAATGGAACAGAAACTTTGTATTTTTATATTT,1
733,gene,GCTGGAAACCATTATTTCCGTTGCTGGACTGGGATTCATTTTATTGTTAAGTTTAGTTGTATGAAATTAAGAAGGAGCTGT,1
734,gene,TAATATTGGTGATTATGATTTTTTTAGAGGGTATATAGCGGTTTTGTCGAATGTAAACATGTAGCAAGGGTGAATCCTGTT,1
735,gene,ACGAACCTTCGGTGAAGCTGATATGTTGACTTTCTCATGCGAATAAAATACTTTGTTATTAGAACAATAAATATACAATTA,1
736,gene,TGTCTTTTCATACAATGAATTTTTCTTGACAATTGATGATTGAATCAAGATAATAGACCAGTCACTATATTTTTGATTGCA,1
740,gene,TTTTCCCTTCCTTAAAAAAGTTGTTGACATGTTACCGATTTCAGAAACTAGGATAAATTTGTAATAAATTTTTAGATTATA,1
741,gene,TTATGGGGAAAAAAGTACTAAGTGATTGACAAAAAATTTTGAAATTGATAGATTATATACATAATACCAATACAAATAGTC,1
744,gene,TGAGTAACAAGGAAATCATTACAACTCATATCCTTTCCGCCTAGTGAGAAAAGTAACGTTAGTAAAGGAAAAGGATGTGGC,1
749,gene,CATCTCTATTGTTTCTTTTTGAAAAAGGGCATGTTTTTCTGTTTCTTTCATACAATCTATTAAATCAAATCACTAGAGCGG,1
752,gene,CTTTTTAACACCCCAAATTTTTCTTTACTTTTTTCATTTAACCATATATGATGATGGACTATCATTTCAAGATTTTTTTAG,1
753,gene,TCATAAATTGTTAAGATTTACGTAGTATCTTATAACGTACTTATTACTATGAACGATATATAGTAAGGACACACGAGAAAT,1
754,gene,GTATGATAACCTCCTTTGCGTACGTACTATTTAAATGGTTTGTCTCATAAACGTGTTACTATAGATATACCAAAATGAAGA,1
758,gene,TTCCGGCAGCTCTTTTTGTGTTCCGGCGAATAATCACAACAATTCCAGCCAAAATAACAGCAAATACATTTTGAAAGAAGG,1
761,gene,TTTAAAAATGATGTAAAAGGCGAATTGTCGGAATGTCCTGCTTTCGCTAAAATAAAATCATGAAACATGTTAAGATGACAT,1
762,gene,ACTCCCCCGCGAGAAATTTCCCGGTACAGACACAGACAGCCTCCCGGTCACATACATTTACATATAGGCTTTTGCCTACAT,1
765,gene,TGCTTCAAAACAACTTGAAAAAAGTTGTTGACAAAAAAGAAGCTGAATGTTATATTAGTAAAGCTGCTTCATTGAGAAGTA,1
769,gene,TTCCGAAAAAAATTTCAATAAGCAGTTGTTTTTTCTGAAGATTACTGGTAGAGTAAAGGTAATTATTTTTGTTCGAACTAT,1
771,gene,AACGTTGATATAATTTAAATTTTATTTGACAAAAATGGGCTCGTGTTGTACAATAAATGTAGTGAGGTGGATGCAATGGCG,1
773,gene,GATATTTCTGGGAAAAACAATTGTTTTTCTAACAAAGCCTTCTCTGTTATAATTCATAATACACACTTATACAGACTCCTA,1
774,gene,AAAAGAGCTGACAATATAATATAAAGAATATTTAAAATAATTTGTAAATAAAATGTGTTTGTAGGGGTTTCGCTTGGAGAG,1
776,gene,CTCTATAATAAAGTCTAAGAGAGACAGAATAATCATTATGCATCTGTATGATAATAATTGATGTGTGATTTTTAAAAACGA,1
779,gene,ATAACGCAACTTGGCTTGGAGATGATTGACAGCTTTTCTTGGGACATAGTAAGGTAATATAGTTAGGCGCCTAACTAATAC,1
780,gene,CGGTCAAGTCCTTCCCTTCCGCACGTATCAATTCGCAAGCTTTTCCTTTATAATAGAATGAATGAGAAGGATGAAACCGAA,1
782,gene,TCTGTTTAAAAAAATGTCGGAGAACGTGTTTATTTTTTTGAAAAAGGGTATGTAACTTGTACAACAAAAAGGGAGATGAAT,1
786,gene,TTTTTTCATATAAAGAGTAAAAATAAAATAATTTTTGAACTTGTCTCATATGATGTTGGTAGTACAAGAGACAAGGAGAGA,1
790,gene,AAATTGTGAAAATTTCATAATATCTGTTTAGCAGCGAAACACCTCGTCCACAATGTGGGTGAGGTGTTTTTTTATGAAGAT,1
791,gene,TTTCCTATTCTCGGCAAACATAGCATGTTTAAAAAGATCAGAAAGGGAAATATAACAACTAGATACAAATAAGGAGGTTGG,1
793,gene,GAAATGTCATTTTTTATTAAAAAAGTGAAACTTTTAACGATAATAAATAGTATATGTAACAAGGGTTACCGAATTAGCTTT,1
797,gene,AAGAAGCGATTCGGCTGAATGAAAAGAATTAAATCTTGATCATTGGTTCATCCTAATGGCGAGGTGAACTAACATGAAAAA,1
798,gene,TTGTTTATTAGTTTTTTAACTTAAAAAAATATGAAGTGTTAACGCTTTCTTGTAGACTGTAACAAACAATACATGGGGGTG,1
800,gene,AAATAATATGAACAAATTGTAAACTTTTTATTTTATAAACTTTATTCTATAATGGGAAGCATTCAATTGTCTGAAAAATTA,1
801,gene,TTGTTTATTTTGCACTTTTTTAAGAATGTTCTTTGCATTCTTTTCGGCTATACTAATAACACTCTATTGACAGGAGGGATT,1
804,gene,ATTGTCGATGAATTGGCTCTTAACAGTTGAATAAACAATTCCACCCTGTTAAAATAATTAAAGAAAGCAGAAATGATTTTT,1
805,gene,TCTAAAAAAAATGATGACTCTTCATAAATTGTTAAGATTCGGTCTTTATATTTATCCATTGTAAGGCTCAAGTTTTTCAGA,1
806,gene,GTACTGACACTCAGGGCTTTTTGCTCTTGAGTGTTTTTTTCTGTTTCTCTATAATGGAGAAGAAAGCTTGGCTTCAATAAT,1
808,gene,GAAAACAAAGATTGCGTGTTTTTCGGGTTGGGACGGCCTATAAACATGATAAAATATGACATAAACAGTTTTTGATGGGAG,1
810,gene,CTTGCGTTAATTCCCGGTATTTTGATTGGCCTTCTTCGTTCAAATAAGGCATAATTTGCTGAAAGGCATGATGAAAATAAG,1
818,gene,ATTCCAAAAAAGTGAAGACATCAGTTGAAAAGAAAATGAACATCCTACTAAGATATTCATGAAGGTTTCTTTTTAGAGAAA,1
825,gene,AGTATACAACAAAAGAGAAAATGCTCAGAAAATGTCGTAAAGTAGACTATTATAATTAAAGGAAATAGGAAAATCAAACAG,1
827,gene,ACATCCTACTAAGATATTCATGAAGGTTTCTTTTTAGAGAAATAGGGGCAAAGAATAGGGAGGTTGCACATCATGATAAGC,1
828,gene,AGAAGATTTTTTTCCAAAAATATGTGTAATCTTATCTCGACTTAGTCGATATAAACGATAGATTGGGGCATAGGGGATGAT,1
831,gene,AAAGTAAAATGTTGTATGCTGATCTTGAAGATTTCGCTATTGATGTGGCAAAATATTATCATGAACGTAAAAATTTTCAAA,1
832,gene,AATTGTGATAAAATGATTAATTTTAGGTTTAAGGATCGTGTGATACGAATAAACTATTATGGGTAAGATGTCAAGAATTTC,1
833,gene,ATCAAAATAAATTGATTTATTTGCTTGCATTAATTTAAAAATCATGAGTATAATAAATACATCAAAAAAAATTGATTAAAG,1
834,gene,CCCAAACGTACATGCCCGAATGTACGTTTTTTTCATTTCATTGTCAACTACAATGAGAAAGAATGTGATCAAGCAATGTGT,1
838,gene,TCCGTTTCTCCAGAAGATTTACCAAGCTGAGAAACGAACCCAATTAGTATGTAATCAAAATTAAGTAAACTTTAAAGTAGT,1
840,gene,ATCTTGCTATTACATTCTAACCACCTTATTTTTTTCTATTTATGAGGTTATAGTGTAGTTATCAAGAATGCTAAACGGGAG,1
846,gene,TTTTGCCTGCTTTGTTCTTGACTAAACCGAATATTTGCCATGGACAAGACATATGATGTACAAACCCAACGAATGCAAAGG,1
847,gene,TTTTTTCGAGGTTTTTCGTCAATTATTCTTAACTTTTACGAAACTTTGATATAATAACAAACGTATATATTAGTAATTTAC,1
848,gene,AGCCATTTTTCTCTGTATGCTTAAGAATGAAACCTTTCTGTAAAAGAGACGTATAAATAACGACGAAAAAAAGGGAGGTAG,1
853,gene,TCTCAATTTTTAAAATATAAACCATGTTGAAAACGCTTTATAATTTGGTATTCTTAAAGAAGGCATGTATTTTTGATAAGA,1
854,gene,AGTAAAAAATTTTCAGAAATTTATATTGACTGAAAGCGTTTTTATAATTATGATAATATCAGATATAACAAAAATGTCACT,1
856,gene,AATCCGCAAACGCCCTATGCGAATATCCAAGCCGATCCCAGCAGCTCACATAGTGTATAGAGAGTAAAGGAGGTGCTTATC,1
858,gene,AACATCGCAGAACAGGACGCATCTTTACTTTTTCCCCGCCATCCTCTATACTTTTTCCTTAGGTGAAAATGAGATTTCAAC,1
860,gene,ATTTTTTCTTGCCCGAGTGAGACTATCATCTTTTGTCTGGCGGGCTCATACATTATAGATAAGTCCAAGTAGGGGGGATTC,1
863,gene,CCCTTATCTGGAAGAGCTGGCATTGTTAGGAGGCAACCTTTTCGATTATAATGGAAAAATAGAGGATAGTATCATCTGTTT,1
867,gene,ATAAGAACTAATTCTTACAATCAATAGTAAACAAAATGATTGACGATTATTGGAAACCTTGTTATGCTATGAAGGTAAGGA,1
872,gene,ATTCAGTCTGCTTTGAGCATATTGGTTTGAATGCCGTTAAGTTTGCCGTATACTAATAGTCAAAGAAGGTCAAACCCAATA,1
878,gene,CGGGACTTTTTAGGTATTTTAGGCTTTATTTTTGAAATGAATCGTTGTAAAGTACTTAATATGAACCAGTCAGAGATTGTG,1
880,gene,GACAAAAATTCGTAAAAATTAATTGTGAAATACTTCACAATATCGTGCTATACTATGCTCAATCATGAAAGAAAGCAGGAA,1
881,gene,TCAAGATTTACCACACAATTCTCCGCATGATTTTCCGGCCATTTTAACATAATACGTAGTAACAAGCCGGCAAAGCATTGG,1
882,gene,CTTACACGAATTTTCGACAAACTGTATATTTATGATAGAGTTTCAATTATCATAATATTCAGTAATGATTGCATTTTAAAA,1
883,gene,GAAGTTCTTTCATAACATATTTTGGCGTTTATTCATTTCTGTCGTGTGGTAACGTTCAGTATCAACCACATGTCTAGGAGT,1
887,gene,CGGGAGGGACCAGAACGCCGCGAATTGAAGGATGATAAAGGAACAGCAGGGGCAAGCTAATTGAAAAGCATGAAAGGAAGA,1
892,gene,CCTGCTTCCGAGATGGTTATTGTTTGTATTGGAATGATTTTCTATGGTACTATTGAACATAGTTGTGCTTACTGTGGGAGG,1
894,gene,AAAATTTAATTAAAAGAAGATGGTCTTGACCGCTTATCGACGTGTTGTTAGAATTAGTGAATATTATCGGAGTCTGGGAGC,1
895,gene,TTTTATTGTTTTTTAAAACTTAACGTTTACGTTAAGGTTCAAAAGGTGTATAATGGTAACAGAAACGGCGAAGGGGGATTT,1
899,gene,AAAAAAATGAAAAAGTTTAGTTCTATTGAAACATTTTTCAATACATTGCCGTCTAGTTGGTACCTTCCTTCACTTTTAGAA,1
903,gene,CAATGAGAAACACTTCAAAATGAACGGAGCAGCTGGCTCCGTTTTGCTGAAAAAAAAATGAAACCATGGCGGAAGTTCGCA,1
911,gene,AACATAAATTCTTTACATTAGATTCATACCACGTTCATTTAAAAAGAGTATCTTTTGTATAGGATACCTCAAAATGAAGGA,1
912,gene,TTTCACAAAAGATTTATGTTTCAGCAGGAATTGTAAAGGGTAAAAGAGAAATAGATACATATCCTTAATAAAAGGGAGGCG,1
913,gene,GATCAGAAAAATAAAAAGGTTTAATGGCCGGAAAAAGAGGCTAAAAGATTTCTAAAAAAATCCCACAGACAATGTCATTGC,1
914,gene,TTACTTATTGTTTACATGATCAACAGCCGCATTTAACAAAGTTTCCCTAACATGATAAACGGAATACATTAAAGGAGGCAT,1
916,gene,GCAGCTAACCACTTGTTTTGAGCTTGACTTAAAGTTAACTTTAAGTGTTACCTTCACAACATACAGGATAGAGAGGTGAAG,1
919,gene,TTATTTAAATTAACGCTGTTAAGGGTAGCATATTCTGTTTTATTTTGTTTATAATGAGAGGTATGGTTTGTATAAGAACGA,1
920,gene,CAGGTGCGGCGGCTTTTTTGCCGGATTGATTTTAGCAGTTTATTTCTGTACACTAAAGAAAGTTTTGAATCTGATAAATTA,1
921,gene,GAAGCTTTGTTTCAGCCTTTTCCTCGATAAGAATAATTCTCCTTTTTTGATACAAATTAATAAAAACCGTCAATATGTTTA,1
922,gene,AGAATATGTGAAATTATGAAAATTGCCTGCCGTATGTTAAAACTAGTTTATAATGACGTTGAAAGGATGTGAAGAGCCTTG,1
925,gene,CCTGGTCCGGCAGCCAGAAGTCATACCGTAAATCCTTTCTGAATGTGCTATAATATCACAAGGAAGGTGATGACATTGATT,1
927,gene,TGGCGCTCCTTTTTTTAACATGATGTTATTATATCGCAAGAACAGCACATAATAAACCAGGTGCAGGGTTAGAATATACGT,1
929,gene,AATGATTGAGATTTTTCCCAGTTATATTGCATTTTTCCTCTTTTTTTAATATAATTTGTTAGAATATTCATAATTTAGTAA,1
934,gene,TGATGAATATATAGACGTTCACCCACACCAAGTGGGGCACGGGTACATATGTTGTTAAGGACTAAAGTCAAATACCCTATA,1
936,gene,TGATTGTTAAAAAACGAAAAACCTGCTGTCCTTTAAATGTCCCATTTAGTAAAATGGAATGGGAGGGGGGAAGTCGTTATT,1
937,gene,AATAATGAAGGATAGAGCGAGAAAGTTGAAAATTCTCGAGAAACGGCTTATAGTAAGATTAAAGTCAAATATAGTCAAAGT,1
939,gene,TCTTTAGTACTATCGCTCTTTCCTTCTAAAACTTCTCATAAAAGAATAACCATTATTTAAGGGTGCCAGTTCATTATTCTT,1
940,gene,TTCTCAAATTGTAAGTTTATTTCATTGCGTACTTTAAAAAGGATCGCTATAATAACCAATAAGGACAAATGAATAAAGATT,1
941,gene,TTTGTGCGTGTCTTTTTTATTTTCTCTTGATTTTCAACAGTGAACCGATCAAAATAAATAGTAATTATTACGATTTGTTAG,1
942,gene,ATGCTTATTGGAGAAAAATTTTTCCTGTAACGCTATTCGATCACTATCGTCAAATAATATAGATGGTTTTACAATTGGAGG,1
945,gene,AATTTCAGCAAGTGCAAAATTCTTTTGCATATCCTCTCCGTTTTTTTATAAAATAGAAGCAATATTAAGAAAATAATTGAG,1
946,gene,AATAATTATCAATATTTTCAAAAAACATTGACAGTTCAATTTCCACTGGATAAAATTTACTTAAAATTTTAAAAGATTGGT,1
947,gene,TCGCCGTGCACTTTTTTTGCTCTTCGTTTACTGCTTACAGAAAAAGGGGATTATATAACCAGAAGTAAAATAAAGGAGCAG,1
949,gene,CCATTGTACAGGCTTTTCATACTATTGCTATACAGCCATGAACAGCATAAAATGAACGTTATTACAGTTATCACCACATAT,1
951,gene,ATTGAAAAAGCTAAGTCGTGTTTTAGTCATAATCATGCCTCCTGCCTCATACCTATTAAGGTCATTGTTTTTGAGAAAGGA,1
952,gene,AATTCCCTGTATACCGAATTCTATGGTCTAAACTGAACCCCTATGCTCGTATATTAGTACAAAGAATCAAGAGGACAGGTA,1
954,gene,TCATGAATATGTTTTGATCTCCCTTGACTCTCTACTAACTAGAGGGTTTATTTTTTATGCAGGAATGATTTTTGGAGGAGA,1
955,gene,CATATAGGAGGCATGATGTGTGCTACTACAAAAGACTTCTCTCATTAGCGTATACTGAACCGAGACACACAATGAGAGGAT,1
960,gene,TGAACCTGTTTACCCAAAAAAGCATTGACAAGACCTTATAACGATGGGATAATTCAAAATAATTTATAAAATCTATATTTT,1
964,gene,AGCATATAATTCCTTTCAGGCTTCTGCATAATACACGGCAGACTGACACAAAATACAGCTGATCTGAAAAAAAAGGAGGAA,1
966,gene,GCCGAGGCTTGTCTTTTTGCCTATGCATGAAACATTTCTTCTTTCTGCACGTAACAATGAGAAAGGAGATGATGATATGAC,1
967,gene,GAAACAGCAAGAAAAGTGCTTGAATTTTAATCAAACTGCATAATCGAGAGGGAAGATGAACGTTTTCCCTCTATTATATAT,1
968,gene,AAAAATTCTGGTGATTTAATGGCAAATGACTTCCAGAGACTAATGAAGCATACAATAAGTCATGGCCGGACTGGCTGAAAT,1
975,gene,AAAGCAATGCGAAGGTGCCAAGCCATGTTTATCCAAAGAGTGTGTGAGGTACACAACAAATAGACATGAAAACAAAGGAGG,1
977,gene,TTCATGTTTTGTTCATATTTTATTAATTGTTTATTCAACACTGTCCGCTATAGTAATCCATATCAACAAATATGACTGCCA,1
979,gene,GAATTGACATATTATTAAAAAAACTCTTCCCAAATTTTAAAATTATGGTATTCTTTTGTTGTAACGGTTTTGAAATCGGTT,1
980,gene,AATCGCGAACAGCGATATTTTGTTATGTATAATTCCAAACAGATGAATCATATTAAAGGTAAGACAAGTATGTGAAAGGAG,1
982,gene,TCGGTTTTTTGCTGTCTGATCGCTGAATAAACGAAGCCATCAGGGACATTCTAAGCAGAAGAAAAGGAGTGTGCTCTGAGA,1
983,gene,AATCGAAAACCTCAGAAAAAACGGTTGACAGAGGGTTTCTTTTCTGAAATAATAAACGAAGCTGAATAGATTCTTTAAAAC,1
984,gene,TTATATGGAAAAAGCGCATCTTTTATATTCACCGGTATTTCCTTTTGATCATAAGATGAAGGGGAGCTTAACAACTAGAGA,1
985,gene,AATCGTTGATTTTTATCAATATGTACTGGCGAATTTGTTTTAATGTGTTATACTAATTTTAGATAGTAACAAATTAGGATG,1
988,gene,CTTTTTTACCATTCGACATCATTCTCGTTTTTTTTGAGAAAATACGATTATAATAAAGGTATATTGGAAAAAAATTCTGGT,1
989,gene,ACCATTTGTATTCCCCCTATCCTTTTCTGTTATTATAGTAAATATAATATTTAAAAAATAATCAATATTTTAAAGGGAATT,1
991,gene,TTATCATTTAATTGATATTATGTATTGACTTAGACAACTGAAGGTGTTATTCTAATATACGTCGCTGATGACGAACAGCTT,1
992,gene,TTGAGCTGATGTAAAGACAATGTTGGTCTATCCTTGTCCCTTTCTTCATATTCTGTAAGGAGAGAGAGTGGGAGGGACCTG,1
993,gene,CGGAATTCGATTTTGAAGAGCTGCCATTCACTTTTTACAAATTACGCCGATATATACAGTACAATACTGAATGCGAATAGC,1
994,gene,CGCTATCATAAACGTCTTTATTTCTTTTAAAAATGATGTAAAAGGCGAATTGTCGGAATGTCCTGCTTTCGCTAAAATAAA,1
1000,gene,TCCCATAAAACATGACAAAAGCACTCGTTTTTTGTCACCTTTGCAATGAAAATGAAATATTTAATACCCTTAAAAACTTTT,1
1001,gene,ATGAACTGATAGTTTAGACGAATATATTGCCATGTGAAAAAAAATAGGATAGAATTAGTACCTGATACTAATAATTGATCA,1
1006,gene,ACATGCCATCCCTCCTTTAAGATGAATGTATTCATATTCAGCCGCAGCGTGAATACATATAAAAAATAGGACATGCTGACG,1
1007,gene,TTACACACTTGTAAAGCCACATTCATTGTATTGTTGTTCCGCAAATAATAGAATAGAAATGATCGAAATGTGAGGAGGTGC,1
1009,gene,AAAGAACTCTTCGCGACAACTTTATCCAACTAATCCAGCTTTTCGTATATAGTCATTACTAGAAATAAAGATAAGGGAGAT,1
1010,gene,TAATTTGAGGGAGATTAGGGAAAAAATGAAACTTTTTGAGCATCTGATCGTCAAATAATCATGTGATTGTCGAAAAAACGG,1
1019,gene,TTTGCCTTCTTTTTCTTCTATGATTACATGAAATCTCCATCCTTTACATATACTATCTCTAGGTTTTGGTAAAGACAGTCT,1
1020,gene,CATATATATGCATCTATCAATCTAATTGACAATTGTCATCTTATGTGATAAATAGATGCTGAAAAGGGTTTACATAATGGT,1
1021,gene,CCTTCATATCAGCCACCTCCTGCTTGCTAGTATATCAAAACAATGGTATAAGTTTCTATTGGCGAGTGCTTCGAACATAAT,1
1023,gene,TTGGCCAAAGCGCGAATGAAAAAAGTGCATGAATACCTGCCCAACAGACAGAATAAGAAGAGTTGATATTTCAACACTTTT,1
1025,gene,AAGGCCGTTTTTACCAATAGATCAGATTGGTCATTTTCGTCAACATTCGATAAAATATAGAGAGATAAAAAGAGAGGGGTC,1
1030,gene,AACAAAATGAGCGATTTCGGTGTTTTTAAATCTATAAATCGTTGATTATACTCTATTTGTGAAGTTCTTTAAAGAGAACGA,1
1031,gene,TTGATAAGTTAAAATAATTCGCACTTGACCCATCGGAATTAGTGTAATATAGTAAATGAGAAAATTTGAAGGGAGAGTTTA,1
1032,gene,CTTCATGCCGGCGCTCTTTTTCAGGTTTTAAAACAGCTCCGGCAGGGCATGGTAAAGTACATGACAGTGAAGAGGAGATGT,1
1036,gene,GTGACAGATAAGGGTAAAAAAGAGGTTTTAGCGTACGATATTAAGGGTATACATAGTCATATAACAAGGAGGAGATACCAT,1
1037,gene,GAAAGAAAATCATCCTACAAGTGAAGCAATGAAATACAAAAAACTGGTATAATCTTAAATACAAGATCAATGCCGGAGTGA,1
1040,gene,GAACTTTTCTCTTTCTTGTTTTACATTGAATCTTTACAATCCTATTGATATAATCTAAGCTAGTGTATTTTGCGTTTAATA,1
1041,gene,CCCATGAAAAATTTTTTCCTTCTTACTATTAATCTCTCTTTTTTTCTCCGATATATATATCAAACATCATAGAAAAAGGAG,1
1043,gene,GAAAAACTTGTCTGAATAGTACGGTTGCAATTTTTAGGGGAAACAGATATACTTAAGTGTGCATCGTAATAGATGCAACAT,1
1045,gene,AATTTAAACGAGAATAGGGCTTGAATAAGAAACTAAGATTTTATTAGAATGGGAGATAAGAAAAACTTATTGATAACAAAA,1
1048,gene,AGAAAGCAGCACAACAGAAGACACTGAACAGTCTTAATGAAGAAAACGTCTATCCTTGTGATGGGCGTTTTTTTCTGTTAC,1
1049,gene,CTCACAAAATCACGTTTTCCCTGTTTGATTACCTTTTCTTCTTTTTCTACAATATGCGTTGAAAGGAGAGGGAATCAAATT,1
1052,gene,TTCTTTTTTCCCAGGTCCGTGTGTTTCCTATTTTTAAGACAGTTGTGGTAAGCTTAATCTAGATTATTTAAAAAGAAAGCG,1
1053,gene,GAAAAAAGGAGCTTTCCTTTTTTAATCGGAATAGTTGGCCCACGCTTCTCGTACATATGGAAAGGGGACGGAAACAGCCGA,1
1056,gene,TCTGGGTTTATATATTCGGGACTTGCCTTAAAGCACACTTTAAACTCTATACTTCTCCATGCACTAAAAACAGTGTAGTTG,1
1058,gene,AAATCCGAATATGCGTTCGCTTTTTTCTTGGCAAATCCCTTCAAACAGGGTATAGTATATGTAGTGGTAACATAAAGGAGG,1
1060,gene,ATAGAAAAAATTAATCTTAACTCATTGACAAACGTCCAAGACAAAGGTACATTTTGATTTATTCATATTAAACGACTAGGA,1
1063,gene,GGAAGATTATGTTACATAATGCCGATTGAGAATTCATAGTGATTCTATATACTGATGAATGAATTTACAACAATATAGAAG,1
1068,gene,CCTATATTCCTCCACCCGCCATTTATGAAAGTTCTCAGGCGATCTGTTCATACTAAAGGTATGCATCACAGAGAAACGAGG,1
1070,gene,ATTTATTTTACATTTTTAGAAATGGGCGTGAAAAAAAGCGCGCGATTATGTAAAATATAAAGTGATAGCGGTACCATTATA,1
1071,gene,TAATCTAAATCATATCTTTTTGTTATTGATTTGACATTTACGTGTGTTACGATATCACCTGTTAGCCGCCAATAAAAAGCT,1
1073,gene,ACCATTATTTCCGTTGCTGGACTGGGATTCATTTTATTGTTAAGTTTAGTTGTATGAAATTAAGAAGGAGCTGTAACACAT,1
1077,gene,TTTCCATAAAAACTTTTTTGAAATACGTTGACACTTTATGAGATCCATGATATATTTATATTCGTCGGTTAGATACGACGT,1
1081,gene,CTTTTCTTTTTTGTTCGCCGTATCGAAGGAAAAGCCCGGCATTCCTTTTTATAATGAGATTATCCAATATAAAGGAGACTG,1
1082,gene,ATTACATCCGGAGAACCTGGTTAGGCATTCACACATTTTTATACCCATCATACGATATGTAAAGCAAAAAAGGATATTAAC,1
1084,gene,ACGCAGGACTTTTTTGCATACTTTTCGGTGAAAAATGAGCCGAAAGCAGACACACTATTAGTAACAGATCAAATACCTAGG,1
1088,gene,GGTTCGGCACACGAAGAAAAAAGTGTTGAAATAAACTGTGAATTGCGCTAATATAAAACAATCAGAAAATTGAAATCGATA,1
1095,gene,AAAAAATAAAAAAAATGTGATATAAAAGAGGATATACATAGGATATAACGAATATTTTCAATAAACATAAAATGTGAAAAG,1
1096,gene,ATTATTCTTATCGAGGAAAAGGCTGAAACAAAGCTTCTTTTCGACGTGATATAATAGATAGGAAGCGTTTTCTTTGAAGGG,1
1098,gene,GTTTTTGGAAATTTATTAGAAAAACATGAAACTTTTTGATATCCTTCCCGTACTATTTGTTAGATATTCTCAAGGAGGTTT,1
1101,gene,TCAGATTTCATCTTCAAAACGATCTTGACTTTCATAGTCGAACTATGTAGTATGTATTTTGGGCTCTTCAAAAACGAAGAG,1
1103,gene,CGCGCTAAAATGTAACCAACTGTCAATGAGAGCCGTCAAAAGTTATGATATGATAATTATAGATTTTACCAATAGCAAAGA,1
1108,gene,TTTCGACAAAAACACCCGCAAAAATTGTATGATCCTCCTCATTAATGCAAACGATACTTGTGAGGAGGTGCCGTATGAAAA,1
1110,gene,TGCTAGATTTTTTTCACCCTGCACGTTTATCCCAGGCTCTCCTTGTCCATAATAGGGCTAGAAACAAAGCACGGAGAGGAA,1
1114,gene,TAATCCAGTGCCTCTTGACCTTCTTTTGTATTTATTAACAAATGATGGTAAAATTTCTTCAGGAGCTCATGTGCCTCAGCC,1
1116,gene,ATAGTCAACACCAAAAATGAAAGCGTTGACATCTCACGAATCTAGTGCTAAAGTATACCTACAAACAAATAAAACGACCCG,1
1120,gene,CTAAAAAAGTTTTTTTGGATAGGTTGTATATATTTTCAGAAAAGTGTTCAGAATGTTGCTGAGGTGATGAAACAATGAGAG,1
1121,gene,TATTTAGACAGACAACTGTGATTTCGGTTAAAACCTTATGAATACGGGTATATTAATGTTGGTTTTTGTTTATTCTGATAT,1
1123,gene,CGAAGCAGATCAAAAAAAACGGCTGTTTTAAAATCTTTCCATTCAGGGAATATTGTTACCGTTCAAAAAAGGAGGGCCAAC,1
1125,gene,AGCAAAAACAAAAATTATCGAGTGGAAAAGACAATTTTCATCAATTTTCGACAAATATTAAGAAAAACCTTCCATGTTTCG,1
1127,gene,CTTGCAATCCATTTCAATTTCGGATAGGCACTTCTCTTGTTCCCTCGGCATACATTAATGATATCTTGCAAAGAAAAGGTG,1
1128,gene,ATGAAACTTTTCACCCATTTTTCGGTGATAAAAACATTTTTTTCATTTAAACTGAACGGTAGAAAGATAAAAAATATTGAA,1
1130,gene,CTGTCTTTTTCAGCTACTGTATCCAATGACACCCCTCGACCGGAACGATATTATGTTACTAAAGTTCACATACAGGGAGGG,1
1132,gene,ACACATAAAAGATTAATAGTTTTCCAACACGCCGTTTACATCCGTTTTTTATTATGAAAGACAGGTAGTGCTTATCTATAA,1
1133,gene,ATCAGATATTATAACCAATTTGAGGGTTGTTTTTAAAAAAATTCAAGTTATAATGAAAATAATACATTTATACAAATATCT,1
1136,gene,ATAAGATAAATTTTCTAGAAAAATATTGTAATGATATTTCAGTCTAGTTAAGATTATTGAGTAAATATTACTTTTATTACA,1
1138,gene,CATTAAAGTCATTTCTTTTCAAAATGGTTTTTTTTATTGTTTTGGAGTATAGTATATAGTATCAACACTCCGAGAAACAAA,1
1139,gene,TTTTTAATTAATTCCCTTTAAAATATTGATTATTTTTTAAATATTATATTTACTATAATAACAGAAAAGGATAGGGGGAAT,1
1141,gene,GATCCGTTTTATCGCGAAACAATGTTTGAAACTTCTTCCTGTGAAAATGCGTCTAACTTTTAGACGTTATTTTGAAAAAGG,1
1142,gene,ATATGCGCAAATTATTACACGGGGAGACCGAACGAAATTCACCGTAGAACAGTCATATCATTCATAAAGCAATGTGTTTTA,1
1143,gene,TACGTTAATTGTTTTGCGGAGAAAGGTTTAACGTCTGTCAGACGAGGGTATAAAGCAACTAGTGATTTGAAGGAAAATTTG,1
1144,gene,ATATTGATGCCTCCCTTATATACTTATTGTACATAAGGTCTCTCTATAGGTAAAATATATATTAAGAATAAGAAGTATTCC,1
1145,gene,TTTGTGAATTTATTAAAAAATTCTTACATTTTCATCTTTATTAATCTTTATTTTATTGGCATAATAGAGAAAAAGAAAAAG,1
1149,gene,GGAATGTTTTTCTCCTCATGAGTACTTAACCTTTTTTAGGCGGTATGCTATAATTAATGATCAGTGAAGACATACGAGAAA,1
1155,gene,TTCACCTTAAAAAGCACAAATTAATGTAGCAGGATGGGCTCCTCATCAATACTTATAAGTAAAAAAGGAGGATGAGGAAAC,1
1157,gene,ATTTCCACCTAATTTTCAAAAACCTATTGACATGAGAAGATCTGTATTTTACTATTATCTCATATTCAAGATATTTTAATT,1
1158,gene,ATTTAATAGGGATACATAACAGTCATGATTCATTTTCATTGATTTAGGGAAATGATCAGTAATAAGGGAAAATGTACAGGA,1
1161,gene,AATCGGAGCATGTCTAAAGAATGAATTTGAAACCTGAAGAGATTTTAAACGTATAAATAAGTAAAACGTCCCTGATCTTTT,1
1162,gene,AGTATCTTTATTTTTAAGAAACCAAAGCATGTATCACGAGATGGCGGCATAGATTGTATCAAAGTACCTTATTTGCATAGT,1
1163,gene,AGGATGAAAGCGCTATAAAAAAGTGTTGACTACCTGTATATACAGGAATACAATATGATTATAAGTTGTATATACAAGTTA,1
1164,gene,CAGAATAAAAGAGAATATGCTGTTTGTGTGGGAAGTTACATAAATGTTACGGTAATAAAGATTGCTTAATATGGAGGGAAA,1
1165,gene,TTTTCCCTCTAGTCCTCCGGATGTTCATTGACTTGCCATTCTCTCCATTATAGAATTTATATACATTTCGCATCCCTTCAT,1
1170,gene,AATGACCACTAGTTTTGTCACGGTGAAGGAATTCATTCCGTCGAAATCGAAACACTCATTATCCGATCATATCAAGGAGGA,1
1171,gene,AGAGAAACGCCCTTCTTTTGCTTTTCATAAACCTATGTCTTTATACGACATATGATAAGGAAAAAGGAGGATTCGATATTG,1
1172,gene,TTGAAAAGAAAATGCTAAAAAGTTGTTGACAGTAGCGGCGGTAAATGTTATGATAATAAAGTCGCTTAAACGAGCGGTAAA,1
1174,gene,TTAACTTATTTAATGAAAATATGTTTACAAATAAAGTATAATCTGTAATAATGCACAATAACCCAATCAAACTTGTTTCCT,1
1177,gene,TCGAGAAACTCGGCAATGAACTGGGAATACAACATGTCAAACGTGTCGATAATGTTGAACAAGCAGTATCTGCGGCGTTTG,1
1179,gene,CGTGTCACAAAAACTTACACATGTCTTTTCCAGAAAATAATGGTCCTATATCCTTGATTCAGAAAATGTAAAATAATGAGG,1
1180,gene,CCAGTTACTCGTAATATAGTTGTAATGTAACTTTTCAAGCTATTCATACGACAAAAAAGTGAACGGAGGGGTTTCAAATGG,1
1183,gene,GAAATAAAAGCACTAGTGAAGTTGACAATGAATAGGTAACGCAAATATAATAAGTAAGACTGTCTTTAACAGCTATTCCTC,1
1185,gene,GACAGGTTTAGAATCAGACTGAACTGTGAAGAAATGATAATAAACGAACTGAATGTATCCTTTTGGGAGGAGGTGAAAGGC,1
1187,gene,GTGTTCAAATGTCTATGAAAATATGGCATGTTTGCTTTCCTTTATTTATATAGTAACAATAACGGGAACAAGCTGAACTTT,1
1188,gene,AAAAAGCCGTGAAAGCAGCTATGGCTTTTAAATAAAGTAATACTATGGTATAATGGTTACAAGTTAATAAGAACGGTCCTG,1
1189,gene,CTTGGTGTAACATCGGATTAAGAATTGACTTCGTTTCATGAACCGAGTATTATAAACTCTACAAATAATAGAACGGATTAA,1
1190,gene,AATCTCTTTTTCAACCGCGCTAAAATGTAACCAACTGTCAATGAGAGCCGTCAAAAGTTATGATATGATAATTATAGATTT,1
1193,gene,ATTCTTTTTTACCTCATAAAAAAGGCTGTCCATCTCTCTGTTTTCTGCATTCTTATTAATAGGGAGGGATAGAAATGGTAA,1
1194,gene,TTTAGATTTTTTAAAAATAATCTTTTACATCGGCCTTAAAAACCATGTACAATAGTGATGGTAAAAACAAAGAACAGGATA,1
1196,gene,TTTTAAAAGAAAAGATTGACAGTATAATAGTCAATTACTATAATAAAATTGTTCGTACAAATATTTATTTATAGGTTTATT,1
1198,gene,ATCAGAAATATTTTCCCTTCCTTTACTCATAACTTCTTTTGTTCAGGCATATGTTGTGAAGAAACATATTGTAATCACAGC,1
1201,gene,AACAATGGAGGATTAAAAGGCGGCGTTGACACAGGATTTTATTTATGTTAAAAATGATATAGCTTCATATGAAAAGGTAAA,1
1202,gene,TAAATACAGGAAGTGAAAATGAAGTGAAAGCAAGCGTTATTATTCCTGCATATAATTCGAAGGAGCGTCTTTACAACAGCC,1
1203,gene,ATTCACACTTCTTAACATACCATTTACATCCAATTAACATCCGTCTGCTAAACTGACTGGCATAGGTCATCATAACATCCC,1
1204,gene,GGTAATTTTTACTGTTTACGCTCTCTCATATAACACAATAAAAGAAGCCATATTATGATTGAGGTGATAATGATGGTCAAA,1
1208,gene,ATACCGAATTTTAAATCAGCAATCAGGTTTTGTGGACCGGGAAAATGGAAATAATGAAGGATAGAGCGAGAAAGTTGAAAA,1
1210,gene,CTGATCGGTCCGCTGTTCTTTTTCAGCATAATCCAAGCATCAGCCTCATAAGGTGAAAGAGATAAAAATCGCACCAGCGAC,1
1214,gene,AAAAATTGACGTTCACCATAAGAATAGAAGGAGAATACTCATTTTCTAGCGAATCATACTAGGTAAAAGTCAATCTGTATA,1
1218,gene,TGTTTAATATGAGTTTTCTTGATTTAGCACACTCCCTTAATAAATGCATAGGATACTATCACAAAAATTTATAATTGCGGG,1
1222,gene,CAGGCGGAGAGGCTGAATGAAAAATTTCTGCACTTTATGAGGACAGGCCTTCCGTACGTCACGCTAAAAGCGGCTGCCAGC,1
1223,gene,TATAAAAAAGCCGTTTGCATGTAATGTGCAACTTTAAACCTTTCTTATGCGTGTATAACATAGAGGGGAGAAAAGGCAGTG,1
1224,gene,GTTTTTTAAAATGCTTTTTTATGCTTTTGCAGTACAGACGAACGTATGACATACTCGTCTACACATGAAACTGCTTTTTCA,1
1228,gene,TACTGAGAGAAAAGCTGACTGATCTTTTGACTGAATAGATAAAATGTACAATGATTAATCATCATATGGATGTAAGGAGAG,1
1230,gene,AATGGGAATAGTGGCCCAATTTGAAATCCTCCTTTTAAAAATATGTTAAGGATGAAGATCCTTACTACCCTCATAGTACGC,1
1231,gene,CACCATAAAATTGTAACAAAAAACAGGTTTAAACGACTTTAAAAAAAGGAATAGCCTTACTGAAGATTTGTGTAAAACTCC,1
1232,gene,TGCCCGAACAGCAGGAATTTAATTATTGACTGAACACTCATTCATTATTTATCATAAAGATAATCTTATACAGATTCGGGG,1
1233,gene,GACAGTTTTTCGGTCTGAGTGCAGTGCATATTTTTCCCACCCAAGGAGATACTTAACGTTGTACAGCAGCTCCTGTAGGGA,1
1234,gene,TAAGTTTTAATATTAAGGATAAAGCTTGTTTAAAAATGGTTTATCCGATATCATAAAAATGTGTAAAAACATATTGAAAAG,1
1237,gene,CTTAGTAGAGGTTATCTTTTCCTGTTAAAAAAATGATATACTGTGTTAGAGTATTTCATGGAGTAAGTTTTTTTATGAAAG,1
1238,gene,GTATATATTATTTTTCATGTTTAGACAATTTTCGTCAAATTATTTGATATACTTAGGGGTGAAAGCCGCGCGTATTGTAAG,1
1239,gene,GTTCTGAGGGATAACAAGGAAAGAGTGTATAAAAATAACCTCGTTACAGAAAATACGATTACACTTAAAAATTTGCAGTAG,1
1240,gene,GATGTTATTATATCGCAAGAACAGCACATAATAAACCAGGTGCAGGGTTAGAATATACGTATTACATTTTAGAAAAAGGAG,1
1242,gene,TTCAACATGGTTTATATTTTAAAAATTGAGAAGAATATGAATATATACTATAATAATTGTGACAACTTCAGCAAAGGGGGA,1
1243,gene,AATCAAAAATTTTTGTGCATAAGACTTGAAAGTCAAAGATAGTCAGAGTATACTATTAATCAAAGTTGGTCAAACAAACCG,1
1246,gene,AAATTAAACGTATAAGAATCCAACCCTTTTTTAAGGGCAAAATATGCTATAATAGGGGAATCCTACAGAAAAAACGCAGCC,1
1248,gene,AGGATGAAAAAACAATTTCTTCCTTCTATATTGTTTTCAAAATTTGGGATTGATAGAATATGACATATCTCATAGAGAAGG,1
1250,gene,TTTATGTTCCAAGTTCTATGTCAAAAGGTTTATGTTTTTCCATCTATGGGAAATGATTCATAAACGAAAAAAGGGTGATGG,1
1251,gene,GAAAATTGTAGAAAACACACGAATTCTTGATTTGGCACAGAACTTGCATTTATATAAAGGGAAAGCAGGATAACATGTTGA,1
1254,gene,TTTCGAAAACAATATAGGTATTGATTGCAACCTGAGCGCGATTTGTGATACCATTTAAAAGCCCTTCCTGGGGAGGTATTA,1
1255,gene,AAACGATTAAACTTCTTAAAAATGGATGTGGACCGGTTCTAAACACTATATAATGAAAACAGGTCATTTTTTAGGAGGGTT,1
1256,gene,GTAATTTATGGTCTTTTCGAGCGGATGAATGAGAACAAAATCGAACCACATACTACATATATAACCACCGAAAGATGGTGA,1
1257,gene,TTTCGTCAATTATTCTTAACTTTTACGAAACTTTGATATAATAACAAACGTATATATTAGTAATTTACGGCTTATTTTCCT,1
1258,gene,TCAACTTGTCCGCTGAATCATAAAGCATACTTCCTTCAGGAAATGGAAACGTTATGTATTGAAGGAGGGTGTTACGATGAA,1
1259,gene,TAAGGATATGTTAATATAAATTCCCTTCCAAATTCCAGTTACTCGTAATATAGTTGTAATGTAACTTTTCAAGCTATTCAT,1
1263,gene,CATCTTCGCTCATAAAAACCTCCTTGACTATACGGTAACCATATACCTTATGATTTGATTGTACTTGAAAAAAGCTTCAAG,1
1266,gene,GATTTCATTCTTGTATTAAATAGAGTTGTATTTATTGGAAATTTAACTCATAATGAAAGTAATTTAACAGACGAGGTGCAA,1
1271,gene,GTCAAAAAATGTTTGTTACATGGTATCATAATAACAATGAAAACGACAGTTTTTCTCAATACATATCCTGAAATCTTTCTG,1
1273,gene,CTAAATTATAATTATTATAATTTAGTATTGATTTTTATTTAGTATATGATATAATTAAGTCAACAGATCACAAGGAGGACG,1
1274,gene,TCAACAAGTTTTTTCAGCAAAAGACAAGAAAATGGCATGATTCTTGCATTTTTATTCATATGCGAAGATATATTTCATAAC,1
1277,gene,CCCATACAACTCTTTTATGGACAAATCAACTATCTGCCTATAGATGCATAAACTTACTAAGGTGCTGAAAGAAACGAAATT,1
1280,gene,TTGTTTCGACACATGATAGGCGTTTGTCACAATCGGCATCCGCTTGAATATCATATAGAGAGAACAGAGAGGTGAAGATGT,1
1281,gene,TTTTCAAAATGTTTTTGTCGTATTTTGTATGATTCTGTAGTCTCCATTATACAGTAATTATACCTTCCGCTATTATGAAAG,1
1283,gene,GAATTCACAAGTAATATGCTGTGGGATGAAACAAAATGCTATGTCAATCGTATATATAACGTTCACAAAACATGAAATGGA,1
1287,gene,AAATTCATTTGGGAATGAATATAGGCGAACACAATGCCCGACAAAACGATACATTGTAGTAGGTAACGATTTTCGGAGGGG,1
1288,gene,ATTGTATTTAATAAAAACATTGATATTTACTTATGTATGATTTTGTTTTAATATGAAATTGTGAGAAAATTGTGATGGAAT,1
1290,gene,TTTTCTAAACAATTGTTCTGACCTCTTGATTAAAAGCGCCTGATGGTGTACTATATTAAAGAAGCTACTTTGTGCGTATTG,1
1291,gene,AAAAAGAGAACGCCTATGAATAAACTTGACAAACCTGAAAATCCTTCTTATCATGAAATTATGAATGAATAGTCATTCATT,1
1293,gene,GTTCCGCACTTTTCCACCCTTTTAAGCATGGAAACCCCGATCGCTGGGAAAACTAACAATGTTTGGAGTGATGCAAATGAA,1
1298,gene,ACGGCCTCCGGCCTGTCTGGTTTTTTTCATAAGTAAGGGTATAGAAGGACACAATAACATGGCTAGGAGGGATAGTATGTC,1
1299,gene,TTATAGATTTTTTTTAAAAAACTATTGCAATAAATAAATACAGGTGTTATATTATTAAACGTCGCTGATGCACAGCGGACA,1
1300,gene,TGTTTGCTTCCAGAAATATAATTGTTATTCATAACTGATGGACATGCGCATAAACTTGTACAAACCACCACAAGGACGTGA,1
1301,gene,TCGACCGCATTTTGTAAAAAAATTCATAGAACCTTGCAGCAGACAGGGACGTCTAGTACATGGACAGCGGATAAAGTTCCG,1
1302,gene,CGAGCATGTTTTCACCCACCTGGTATGGAATATTTCAGTGTTTTTCGGTAAAGTAAAACAAGTGTCGGATACCAGCAAGCT,1
1303,gene,TAAATTTTTACCATATTGCATGGTATGTATTTCCAGATCAATTATGGTACATTGGAGATCAATAGGTTAAGTGAATCATGT,1
1306,gene,AATTTAAAAACTTCTCCTGTCCCTCCGTCATCACTTCTGAAGTAATGAAATATGATGAAAAGAGATCAAGGGGAGGTGACG,1
1308,gene,TTTACAAAACCTTAACATTCGGTTCAAACCCTTTTTACATAGAACCTTTACTCTATACGTGTAGGACAAATTACACATTAT,1
1311,gene,GCGTCAATGAGGTTAGCCTCTTGTTCAGACATCAAAATTGGGTTACACTTTAAATTGAATGTTAGGAAAAATCATTTTATT,1
1312,gene,CAAACAAAAGAGGAAAATAGACCAGTTGCAATCCAAACGAGAGTCTAATAGAATGAGGTCGAAAAGTAAATCGCGCGGGTT,1
1313,gene,TACGGAAGAAAAATTAACAAGAATAATGCGTAACACCCAAGCGCGTTTTATCCTTTATGTAACGAATCAAACGAGGAGGAA,1
1316,gene,TCACCAAAAATAGGATGATGAACCTATTCAATATAAAAGCTAATAATCTTAAAATTAATTCCGTTGTAACTTTTTATAGGT,1
1317,gene,CTGTTTAAACTTTCTGAAAAAGATGTTGAAAAAGTCGAAAGGATTTTATAATATTAAGTCAAGTTAGTTTGTTTGATCAAC,1
1319,gene,CATTTATTCTTCTAAGCTTTAGTTTACATGAAGCTCTGCTATCATATATAATTCAAAATTAAGATGGAAGACATCTCAAAA,1
1320,gene,TTCACATATAAAAAGCTGATTATCTCCGCACATCTCTCCCTGCCCAACATATACTTTTACAGAAGCCCAATTCCTAAGAAT,1
1323,gene,TGTCTCTTACAGAGGACAAACAAACTTACCAAACCTATCATCTGTTCATAGAGTATACAGAGAACCTTATAATAGGAGGAA,1
1325,gene,AAGTAAAGATGCGTCCTGTTCTGCGATGTTTAAAAACGATCTTTTTTTCTCATAATAGTAGAAACATAAAAAAAGGGGGAA,1
1327,gene,TGTGGAAAAACCGCGAAGTTCGTCCAATCTCTTTACTCTCCTATCGAATATCCTGTCACTATCAATAGAGAAAGGATGATA,1
1330,gene,CGTGAAAAATTTTTTATCTTATCACTTGAAATTGGAAGGGAGATTCTTTATTATAAGAATTGTGTTAGCACTCTTTAGTGC,1
1331,gene,TTTTTTTATATTCTTATTTTAATAGTTGGACAGAAAATATTCATTCAGGCATACTGTTTCGAAAGGAGGCGTGCTATGTGA,1
1333,gene,TTTGTAATTGAATTACAAATACTTTTAATATTTGCTCATGAATTCGTGGTATTATACTGAAGGGGACGATCAAAAGCTTTG,1
1334,gene,ACTTGAAAAAATAGATTCCATTTGGTCACCAAGGCTGGCTTTCTCTCATATCATTACAGTAGATTTTGAAACCGGATTGAA,1
1335,gene,AAAGTTGTTCCGGATAAGTCGTCCTTGACTAAAGATCCGGTATTGTGTAGAATAGTTATTGAATTGAATATAAATCACAAG,1
1337,gene,TGTTAAAGACTATAAAAAAACCTTTTGACTTCTGCTGCTGAACCAATTAATATAATACTCAGTTAATAGTTATCAGAATTT,1
1339,gene,CTTTTTGGTGTGGATAACAGAACGATTGTTCTTATATGCATTTCATGGTAGATTAAAGATAACTTCAACCTCAGATGAATG,1
1342,gene,ATCTGCTCCGACAAGTTTTCCCTTTCCCTAATTCGTTTTTTTTTAGTACAATTAGATATTAGTGATATTTGAAAGAGGTCG,1
1345,gene,TATTTATCTGATGGGAAAGCTTATTAAAGGATTTTCTTACATAACGGAGAATAGTATGTATACAGCCCAGTACACATGTTT,1
1348,gene,CCACACTTTCAATTTTGCTTCAATTTATAACAACATCTGGCATAGACGCATAATCTGGTTAAAAAAGGCGGTGGCGATATT,1
1349,gene,TTTTGTTTTTCTTATTTGCAAATTCTTTGGAAATAACAAAAGGTATGATATGATAATGAGAGGTATACATGGACTAGTAAA,1
1351,gene,AATAGTATGTATACAGCCCAGTACACATGTTTATGATTGAAGAAAACGGGTAAACAGCAGTATATCCTGCAGCAAGGAGGT,1
1353,gene,TTTTTTAATGGAGTGGACATAGCCTATACCATAAATCGAAGTCGCACATATTGTGAAACAGAGATAAGGATAAGGGAGAGG,1
1356,gene,CCGAAGCAGATCAAAAAAAACGGCTGTTTTAAAATCTTTCCATTCAGGGAATATTGTTACCGTTCAAAAAAGGAGGGCCAA,1
1357,gene,GTTTTCTCCAATCTGATTTTCTTCGTTTGACTCTTTTTACAAATCCTCTTTCTATGTGTTTCATTTTCTGACAAATCATGA,1
1358,gene,CGGTATACCTGGTATGACAGCACCCTTAAGAGCTGGCATGGAACTTGCATAATAAAAGGCGGAGTCGAAACAAGAAAGGTG,1
1359,gene,TTTTGGCAAACTGGGGATCGGCTAAAATATAATACGACTTACTGCTGATACTTTAGGGTACCCTAAGTTTGTATGTATAAA,1
1360,gene,ACTTTTAAAATAGGTCTTTGCATCAGAACATGTACCCCTTATTTTTCATAACTTAGTATTGTAATAAAGTTTATGGAAAGG,1
1361,gene,ATATCTTGTAATTCTTATAGAAAGCGGGAAACTTTTTCAAAGTTTCATTCGTCTACGATATATTGAGGTACATCCTTAAAA,1
1362,gene,CTTTTTTTGCTTTAAGAAAAGGTTGTTCTAAACACAGAGACAGGGTCATATCCTATACACAAGTACAGTCATCAAGGAGGG,1
1363,gene,ATAGATCAGGTACGGCGTTCGACTCATACCAAATAACAGCCGGAAGAATATGAATAACGTGAGTTCACTATCGAATAGGAG,1
1364,gene,TTTTTTGAAATTTATGTACCAAAATAGAAAAGAAAATAAAAATAAGCCGATATAACTATTGAACCAGAATAAATAGGACCG,1
1368,gene,AAGATGAAAAAAAGTAGGTTATGGCTTGACAAAAAATATATATTAATTAATAATTCATATATAATTAGAATTATTATTGAA,1
1369,gene,AGTTTCATTGTTTCTTAATTTTTCTTTAAAATATAAAATAGGTTGACGATAAAATATAATGAGGTGAAAAAAATGAAAAAA,1
1370,gene,TATCAAAAATCGTATTTAAAAAAGAGTTGACATATCGGAATAATTTGAATTAACATGTTATTCAAACAAAAAAACAATTGG,1
1371,gene,TGCGGTCCAAGCTGTTTTCTTTTCAATACAGACATTTTACCTCGGAGATGATGACATGCTGACAGAACAGCCCAACTGGCT,1
1372,gene,ACGATAAACTAATTATCTTGTAAACGTCACCTCCTGCGCCCTTCTTACATATGATATCTCGACTATATCAAAACCCATTCG,1
1373,gene,TTTTTCATTGAAGGTTCTCTTTTTAGCATGATTTATTCAGCAAATGGCAACAATATAGGTACTTAATGTGAAGGAGGCCCC,1
1374,gene,ATATTATATTGGCAATAAGTTTAGCTTTTCTGGGAGTCCATCTTGGTGTAGACTTGTATTTAGCAGGTATATTCGCATTTG,1
1375,gene,CAACGTAAATTTTGTTACTCTCTGGTGTATATTACATTTGATGTGACGGATACTAATTTCAAGCGAGGCGGAAGGTACATA,1
1381,gene,TGTATACAATTACCAAAGTTTTTCTGAATGAAGCCATGTGTTTTGACACATTCTATACTCACAAGGAGGTGAGACACATGG,1
1382,gene,TCATTGAACAAAATTTCAATTACCAATTTACATATGTTCAAAAGTCGGTTATGCTAAAAAATATCTTAACAAAAAAGGAAG,1
1385,gene,TAGTCGTTTTTTATAAAAAAAAGTTTCATTGTTTCTTAATTTTTCTTTAAAATATAAAATAGGTTGACGATAAAATATAAT,1
1386,gene,ATTCTTGCACTTCATGAAGTCTCCTTGAAATCAGAAGATATTTAGGATATATTTTTCTATGGATAAAAGGGATATTGGAGG,1
1388,gene,TTTGGGATTGTTATGTGAGAATTTAAATGCATATCCCATTATTATTTGGTAATAATAAACAAAGAAAGGGTGACAGCATGA,1
1390,gene,GACTGAAAGAATCGATCACTTTGAAATGAAACCGGTCAGCGTTTCATCCGTATAACAGATATGGTGAAAAAAGGGAGTGAC,1
1394,gene,TTAAATTTAATGTAAAGATAATGTTAATCCTTTGTTGAAGATTTATGTTAAAATATAAGGTAGCTTGATTTTGCTTTTAGA,1
1396,gene,TCTGATATAGCCGATGCACATGCCAATGCATAGCCATCCTTCTTTTTGGGTAGAGACAGTTAACACACAATGAGGAATTCA,1
1397,gene,TGCCGGTTTTTTCGTGCTCTCCCACTCATATTTTCTCCAGTTCATACATACACCTTTAGTGACATCTAATTTTAAGGATTA,1
1399,gene,CAAATTTTTATAAAAAAAGTAAAAGTTTAATCCTTAGTCTATATATAATAAGATCATATCAATCAAATGTAGGGGGAGTTA,1
1400,gene,CGACAAAGGAACGGGGAACTGGACTTGGGCTTATGGTAAGCTATAAAATTATTGAAGAACATCAAGGCGAGATTATGGTAG,1
1401,gene,GAGAAAGAAATTTAAGCTTTGTTTCTTTTTCATTTCTGAAATTAGGTTTATAATAGGTAAGGCAGGCCATTTGGACTGCAT,1
1403,gene,TTTGCATATCAGGCCAGCTTTTTGTTTGACCTTTATTGACCAAAAATGTATCATGTAACTACATACTTACCTAAAAGGTGA,1
1405,gene,AAAAATGTTAAACCTTTCTCCGCACTATCTTTTGCGGCCATTTTTGGGTACTATATAGTAATGGTGTTTGATTAGGTATAA,1
1406,gene,CCTTATAAACAATATTTTGGCTATATTGACCTTGCTGAGAGATTCATATATTATGAGGGTGTCTAGAGTTATTGCAATATT,1
1408,gene,AAAATTAAAAATACAAAAAAACCAAATTATTTACTTGCGGTTGGTTTTCCCATACGATGGCAAAAAGGCAAGACAAAAAGG,1
1411,gene,TGTTATGAACAATGCCTGCTTCCTATGTATGAAAAGATAGAATATGGAAAAATTAAGAATAAATCTGATTGGAGGTATAAC,1
1412,gene,TTGCATGCAACTCTTCCGGAAAAACGTTTATTCCCGTCTTCTATGGGAGATACTAGCAATCAGAGGAATGAATTGGATACA,1
1415,gene,AAAAATCAGCCGGTGGAAGTAAGTGGTCTAAACTCCTGGATCTTCTCATAAGCTTGTACTAGAACAAGCGAAGGAGATGAG,1
1417,gene,TTCAAACAAACGATGGGAAGAAATACATCAAAGGATAAGCGGCTGTTCATACTAATGATTGGGAGGTAAACCGACTTATGA,1
1430,gene,AAACATAAATGTAATAAAATTTATCGCTAATTTGTCGAAACTTGATGGTATAATGATTCTCGTACATAAGGAATTAGTGTT,1
1431,gene,TGTCATCTTTTACCTTGATCAGAAGCTAAATGATTCTGTTTTTATGCCGATATAATCACTAGAAATTGACACAGGCATATT,1
1433,gene,CCTTTCTTCAGGAAAAAAATAACGCTTTATTACGTGGTGTTCTCCATATACTAACCTTACGTCTTCATCTGAAAAGACGCA,1
1436,gene,CAATTTTCTGCCGGACAAGATACAATTCATGAAGAATAGGGTTTTGGCATATATGTGAAGGGATCATGATTGGCAAAGGAG,1
1442,gene,CCCCCAGGCGCCTTTTTTATTGGTTTAAAAACAGTTTGGGCGGGAATGATACCCTAAAAAGGGGTTGAACATATGAAATTA,1
1444,gene,ATACCTATATATTCTAGCAATTTAATGTGTATAATCATAAGTTTATTGATATAATGGAGAATAGTGAAATCGTATTGAAGG,1
1445,gene,TATGGAAATTGAATGACATGAAACGACAATATCTGTAATTCAGATTGTCTACAGTTAATATACAGCGATGTTCTGACAAAC,1
1446,gene,AACCAGAAAAATTAATGTTGTTATTGAAAAATGAATATCCGCTATGCTACAATACAGCTTGGAAATTGATTAAAATCTTGC,1
1447,gene,CGCGCCCGCCTAAAATGAGGTGCGGAACCATTAAGAGCCCGGCTGAATATGCTTTTTAGCAAAATGGTTTTATGCCCAAGG,1
1449,gene,TAAAAATATGTACGCTGATATAGAGGATTTAGCCCTAGAAGTAGCAAAATATTACTATGAACAGAAATGGTTTAAACTGTC,1
1451,gene,TTTCGCATATTGGTTTGTATCCCTAGCGCAACTTGAGCATAAGCAACATAAGATAACGATAGTTTCAGGTGTGAAGTTCCA,1
1452,gene,TTATTTCAGACAATCTCTATTTTTATTTGAAACTTTTCATGAGTAAGATTAGTCTACTAAATATAAAAATGTAAAAGGTGA,1
1453,gene,GTTTAAAAAAAAGGAAACGCGATCGTGTTGATTTTTTGGATTGAACAATTTATAATACATAGGAGATTAAGAAAGACACAC,1
1456,gene,TTTTTTTAGAAAATGATATGAAAAAGGAATGAACCTTTCTCCCTTGCATACAAATAGGGAGAAAGGTTTTTTTATATTAAT,1
1458,gene,GATACCATCAAAAAGTTATAATTGGTACTTTTCATCATACCAAAGAGAAGTCAGAATGATAAGAAAATACCGACAGGGGGA,1
1459,gene,TTTGTGGATAAGATTGTGACAACCATTGCAAGCTCTCGTTTATTTTGGTATTATATTTGTGTTTTAACTCTTGATTACTAA,1
1460,gene,TTTTGTGTTCAGTATTTATTTCAGCTACTATTTCCGACCGGATAAGCATACACTTCTCAACGGAGGGGATTTCACATCATG,1
1462,gene,TCACTTTTTTATTTGCGGATTCCTAGGCACAGCAATCTAAGATTCTGCATAGGCTGAAATAAAATCTTGTTCATTTCTAAA,1
1463,gene,GTCCATGATAAATCAGGAATTTGTCCATGGTGTTATATCTGTTCATTCTCTATAATTCCAATTGATAATAGTTATCAATTG,1
1465,gene,AAAGATTTATATTAAAAAATATATTGACAACTAACTAAATTACCTGTTACCATGTTCATCAACTGATAAATTAGAATTGTC,1
1468,gene,TGGCTCCGTTTTGCTGAAAAAAAAATGAAACCATGGCGGAAGTTCGCACGTCTTTATAGATGTAAGGCTGTTTAAACAAGA,1
1469,gene,ATGGTTTATCCGATATCATAAAAATGTGTAAAAACATATTGAAAAGGGTAAATAGAGAATAGTTTAACCATAAATTTTTTC,1
1470,gene,AAAATCTGCCAAGATCGAAAAATAAAAAGGATTTTTTGTGTCATTGGCGAATTATGATCTATTGAAGCAACCGTTATGGAG,1
1474,gene,CAGAGCAAGCTCGGGGTGTTCTTTTATGAAACGTTTTTCCTTTTTCTTCGTATAAAGGTAGATTAGGAGGAATTGGAATGA,1
1475,gene,GAGCATTCGCAGTCTCTTTTCTTTTGTCATGAATCGAAATGGACAAGCATACTATGGTATAAAATTTCGTATGCGGGAGGA,1
1481,gene,GAAGTCATAAATGTGCAAAAATAGGTTTACGACTTGTCAGCTTTGGGAACTTAGGCTATATAAGACAACAATCGATGGAGG,1
1482,gene,ACACTGGTATTTTTTTCAGCTGTATGAAACTTTCTTATGAAAAAAGTCGTATATGTGGATGATCAGCTTTCAAGGGGGGAA,1
1484,gene,ATGCGTTCAGCTCATTCACCATTTTGAATAATGCTCTCTCCACTTGGGAACAATGATTCGGAGGAGAGGTGAATGATGTTG,1
1485,gene,TAAAAAATAATTTATGCAAAAGTATTGTAATCTATCCGTAATTATTGTAACATTTGTAACATAAGAGAAAGAGATTTTGAA,1
1486,gene,CCGTTGCCTGCGGAAAAACCCTGAGTGTTTATGAAAGCGATTTCATAATATGATGATAGCAACAGCAGGACATTACAAAAT,1
1487,gene,CTTATATAAAAATCAATCTCTGATTCGTTTTGCATATCTTCCAACTTGTATAAGATGAAGACAAGGAAAACGAAAGGAGGA,1
1488,gene,CATAAAATACACAAAGTGTTTTAGTACCTGCTTTTCAGAATATGTGGTATTATAGGAACTGTTCCATCATTAATCCATAGT,1
1489,gene,AATGTCCTGCTTTCGCTAAAATAAAATCATGAAACATGTTAAGATGACATAAAATAGAGAAATAGGATGTCGGGGAATTAT,1
1491,gene,AGGATGAGAAATTTTCTAAAGATGTCATATTCAAATAGGACAACGTCATACACATATAGTGTCCTGTGTTTGATTGAAAGA,1
1494,gene,AGGTATGAAGGTAAGCGTATATCCATTTGCAATAAAAATATGGTTATGGTATAGTTTTATTGGAAATGCTAACGATTACCG,1
1496,gene,GATTTTATCTTAAATGTTAAAAAAACCTGTCGTTTTACAAAAACAGATGATAGATTATTAGTATAAATTTTGCAGAAAAAG,1
1497,gene,AGATTCTTTTGATCTAAATTATATATTGTTTATATCGTTTTGAAAACCTACAATGATTATAGAGTTGTTAGATTTTATGAC,1
