seq_id,seq,prob,label
1201,AACAATGGAGGATTAAAAGGCGGCGTTGACACAGGATTTTATTTATGTTAAAAATGATATAGCTTCATATGAAAAGGTAAA,0.22212523221969604,0
1202,TAAATACAGGAAGTGAAAATGAAGTGAAAGCAAGCGTTATTATTCCTGCATATAATTCGAAGGAGCGTCTTTACAACAGCC,0.09565061330795288,0
1203,ATTCACACTTCTTAACATACCATTTACATCCAATTAACATCCGTCTGCTAAACTGACTGGCATAGGTCATCATAACATCCC,0.22101247310638428,0
1204,GGTAATTTTTACTGTTTACGCTCTCTCATATAACACAATAAAAGAAGCCATATTATGATTGAGGTGATAATGATGGTCAAA,0.8849374651908875,1
1205,TTCTAAAAAAGAAAGCAAGCTTTTGGAAGTGCTGCTTGAGCGGGGAGAAAAGGTGACGAGTCGGGACCGTCTCATGGAAAA,0.10850346833467484,0
1206,GATAGAAGAAGCCATCCAGCTGAAGGAAAAGCATGGCGGCACGATCACCGCTGTCACGGTCGGCGGTGAAGAAGCGGAGAA,0.11868295073509216,0
1207,GAATGCTGTTTCATTCACTAATGGATTTCAGCTCGAAAGCATATATCGAACAGACCTCGTTTACGATCACAGGGAATCTAT,0.14249297976493835,0
1208,ATACCGAATTTTAAATCAGCAATCAGGTTTTGTGGACCGGGAAAATGGAAATAATGAAGGATAGAGCGAGAAAGTTGAAAA,0.13509629666805267,0
1209,TGGACGTGTGAAAACATACGAAGCCATCGTTAAAGGCGACAATGTTCCTGAACCAGGTGTTCCGGAATCATTCAAAGTATT,0.117177814245224,0
1210,CTGATCGGTCCGCTGTTCTTTTTCAGCATAATCCAAGCATCAGCCTCATAAGGTGAAAGAGATAAAAATCGCACCAGCGAC,0.10305964201688766,0
1211,AGTCATGAAAGATCAAGATGTTCAAGCATTTTTGAAGGAAAACGAAGAAGTGATTGACCAAAAAATGATCGAAAAGAGCTT,0.10409515351057053,0
1212,TTCTCGGTGCCAGCGCGAATGGCAAACCGTGGGGCAAACCAAATACGTACGCCTACTGGACCGGAAGCTTCGACGGAAAAG,0.11449026316404343,0
1213,TCTCGTCGTCTATCATGGCCACCCGGAAGGCAAAGCTGAAAAAAACGACGTGCTCGAGTTTTGCCGGGACTTGGACCAGCA,0.10368379205465317,0
1214,AAAAATTGACGTTCACCATAAGAATAGAAGGAGAATACTCATTTTCTAGCGAATCATACTAGGTAAAAGTCAATCTGTATA,0.6241002678871155,1
1215,ATGGATACAGAATTGAAACAGAAGAAATTGAAAGTGTTCTGCTTCAAACGGGGCTTGTCAGAGAAGCTGCTGTTGCCGTTC,0.10620803385972977,0
1216,GAAGCACAAATGAAGAGAAGGCTAACGTCACTTTATGAGAAAAAGGGGTTCCAAAGCTTTAAGGACTTTGCTGCGGCATTG,0.0996280089020729,0
1217,ACTTCGACCGCGGCGAGAATTATCCAAAGAACCTGTATTTCGTCTGCCTGACTCACTTCAGTGAAACAGTTGACGGCTATG,0.1117749735713005,0
1218,TGTTTAATATGAGTTTTCTTGATTTAGCACACTCCCTTAATAAATGCATAGGATACTATCACAAAAATTTATAATTGCGGG,0.8626233339309692,1
1219,ACTCTGCTCTTCCTGAAGAGTCTCCGCAAATGCTGAGATACATCCGAACGCTGGCAAGCCGCGCTGCCGGAGAAGCACAAA,0.09716576337814331,0
1220,TAACAGTAAAGTGATCATAACAGATAATTACTTTCTATTAACAAGTGTGTTAAATAAGCGGAAGCAAACGAAATGTATCCA,0.8650321960449219,1
1221,ACAGGCGCTTCCACGGCTACGATTTCCCGTGTGAAACGCTGCTTAAATTACGGAAATGACGCTTATGAAATGGCGCTTGAC,0.1151813492178917,0
1222,CAGGCGGAGAGGCTGAATGAAAAATTTCTGCACTTTATGAGGACAGGCCTTCCGTACGTCACGCTAAAAGCGGCTGCCAGC,0.11042492836713791,0
1223,TATAAAAAAGCCGTTTGCATGTAATGTGCAACTTTAAACCTTTCTTATGCGTGTATAACATAGAGGGGAGAAAAGGCAGTG,0.09675520658493042,0
1224,GTTTTTTAAAATGCTTTTTTATGCTTTTGCAGTACAGACGAACGTATGACATACTCGTCTACACATGAAACTGCTTTTTCA,0.7662783861160278,1
1225,TTAAAGACAATATACTATCTTTTTTCAATACAGCGACTGATACAGTCGTGAAAATGCTCGGGTGGGAACAAAATGTTTCCA,0.14477065205574036,0
1226,AGAAGCAACGAAGGCAATCGAAGCAGATCTGAAAAAAGCGGTTCCTCGATTTATAAAAGCTGATGCTGCTTTGAGTATCGA,0.10547597706317902,0
1227,AACTCAACAGCTTACTTCAGGCGTTGAAGTGATTCAGCACACAGTTCATACATTGGCTGCTGGTACAAAAGAAACGTCAGC,0.11308801174163818,0
1228,TACTGAGAGAAAAGCTGACTGATCTTTTGACTGAATAGATAAAATGTACAATGATTAATCATCATATGGATGTAAGGAGAG,0.553011953830719,1
1229,GTATTCAGGAGATATCGGTTCCATTTGGGCGCTCTTCGGCGTTTCTAATCAGCTGATGGCTTCAGTGGGGCTGATTATCGG,0.11104930937290192,0
1230,AATGGGAATAGTGGCCCAATTTGAAATCCTCCTTTTAAAAATATGTTAAGGATGAAGATCCTTACTACCCTCATAGTACGC,0.4239177405834198,0
1231,CACCATAAAATTGTAACAAAAAACAGGTTTAAACGACTTTAAAAAAAGGAATAGCCTTACTGAAGATTTGTGTAAAACTCC,0.3268854022026062,0
1232,TGCCCGAACAGCAGGAATTTAATTATTGACTGAACACTCATTCATTATTTATCATAAAGATAATCTTATACAGATTCGGGG,0.37310972809791565,0
1233,GACAGTTTTTCGGTCTGAGTGCAGTGCATATTTTTCCCACCCAAGGAGATACTTAACGTTGTACAGCAGCTCCTGTAGGGA,0.09917683899402618,0
1234,TAAGTTTTAATATTAAGGATAAAGCTTGTTTAAAAATGGTTTATCCGATATCATAAAAATGTGTAAAAACATATTGAAAAG,0.8877076506614685,1
1235,ATGGATCAAGCAAAAACCAAAAGGCTGGATCGGAAAAATGCTGATCAACTCCTGCGGCGCTCTGATATCATTTATGGTTCT,0.10317172110080719,0
1236,TTTTAAACGAAAAGGATTCGAATTAACGACGATGAAGGATGTTGTAGAAGAGTCAGGTTTCAGCCGGGGCGGTGTCTATCT,0.11134623736143112,0
1237,CTTAGTAGAGGTTATCTTTTCCTGTTAAAAAAATGATATACTGTGTTAGAGTATTTCATGGAGTAAGTTTTTTTATGAAAG,0.8799792528152466,1
1238,GTATATATTATTTTTCATGTTTAGACAATTTTCGTCAAATTATTTGATATACTTAGGGGTGAAAGCCGCGCGTATTGTAAG,0.8577026128768921,1
1239,GTTCTGAGGGATAACAAGGAAAGAGTGTATAAAAATAACCTCGTTACAGAAAATACGATTACACTTAAAAATTTGCAGTAG,0.09942973405122757,0
1240,GATGTTATTATATCGCAAGAACAGCACATAATAAACCAGGTGCAGGGTTAGAATATACGTATTACATTTTAGAAAAAGGAG,0.09551967680454254,0
1241,CAATGGAAGAACGCAGAAACTTGATGAGAAGCCACGGTTTAATCGGCCGCAGCTATGCGGGCAAAGTCAAACAGATCATCA,0.11596110463142395,0
1242,TTCAACATGGTTTATATTTTAAAAATTGAGAAGAATATGAATATATACTATAATAATTGTGACAACTTCAGCAAAGGGGGA,0.8322221040725708,1
1243,AATCAAAAATTTTTGTGCATAAGACTTGAAAGTCAAAGATAGTCAGAGTATACTATTAATCAAAGTTGGTCAAACAAACCG,0.11724384874105453,0
1244,GCGTGCTTTGGAAAAGGCTTTCGCTGCTTGTGCAGGTCCTATCCCATAAACAGCAAGGGAGCAGGCAGTATATCCCTGTCA,0.13511499762535095,0
1245,GAATATGGCGGGACGTCCGGTTTGGTCACTGTCGAGGATATTATCGAAGAAATTGTAGGAGAAATCCGTGATGAATTTGAT,0.10485967993736267,0
1246,AAATTAAACGTATAAGAATCCAACCCTTTTTTAAGGGCAAAATATGCTATAATAGGGGAATCCTACAGAAAAAACGCAGCC,0.252996027469635,0
1247,AAACAACGAATTGATAATTTTCAGAATTTAAACGGTGTAGATGCACAAGTTGCATTAGTTGTAAAAGTTTTAAGTCTGTTT,0.09605712443590164,0
1248,AGGATGAAAAAACAATTTCTTCCTTCTATATTGTTTTCAAAATTTGGGATTGATAGAATATGACATATCTCATAGAGAAGG,0.8661645650863647,1
1249,TCGGCGCGGCTTTTATGCGGGATGTTCGGTTTGAAGCCTGCGTCAGAACATGATGGTTCCCATTCTGAGGAAGAACTCAGG,0.10163623839616776,0
1250,TTTATGTTCCAAGTTCTATGTCAAAAGGTTTATGTTTTTCCATCTATGGGAAATGATTCATAAACGAAAAAAGGGTGATGG,0.8595702648162842,1
1251,GAAAATTGTAGAAAACACACGAATTCTTGATTTGGCACAGAACTTGCATTTATATAAAGGGAAAGCAGGATAACATGTTGA,0.2813754379749298,0
1252,GAAAAAAATAAGATCGGCAGGCTTGCAGCATCGCTTATTCATGATGGAGACCGGGTGATTTTAGACGCCTCTACAACTGTT,0.10865987837314606,0
1253,CACTGCCAAAATACAGTGCTCAGGCTGTGGAAGTGAATGTTCAGGAAGCATTTCAAGAACAGCCGAAAAAGAAGGCAAGAT,0.10139340162277222,0
1254,TTTCGAAAACAATATAGGTATTGATTGCAACCTGAGCGCGATTTGTGATACCATTTAAAAGCCCTTCCTGGGGAGGTATTA,0.1687583476305008,0
1255,AAACGATTAAACTTCTTAAAAATGGATGTGGACCGGTTCTAAACACTATATAATGAAAACAGGTCATTTTTTAGGAGGGTT,0.16135795414447784,0
1256,GTAATTTATGGTCTTTTCGAGCGGATGAATGAGAACAAAATCGAACCACATACTACATATATAACCACCGAAAGATGGTGA,0.0981108769774437,0
1257,TTTCGTCAATTATTCTTAACTTTTACGAAACTTTGATATAATAACAAACGTATATATTAGTAATTTACGGCTTATTTTCCT,0.8646349906921387,1
1258,TCAACTTGTCCGCTGAATCATAAAGCATACTTCCTTCAGGAAATGGAAACGTTATGTATTGAAGGAGGGTGTTACGATGAA,0.09741099923849106,0
1259,TAAGGATATGTTAATATAAATTCCCTTCCAAATTCCAGTTACTCGTAATATAGTTGTAATGTAACTTTTCAAGCTATTCAT,0.8837429881095886,1
1260,TGATTGTGGCTGAAGACCACAGCTCTGTAACATATGTAGAAAACTACATCAGCACTGTAAACCCGAAAGACGCTGTCTTCA,0.10395938158035278,0
1261,AAGTCCATCTGTTCAAGGAGCAGCGTTAGAACAACTAGGCAAGGATATGGTAGATCATTTGCTCGAAAACGGAGTTGATGA,0.10409664362668991,0
1262,TGGATTGATTTCTGATGAGCGCTATGCGGCTTTTGAGAAGAAAAAAGCGGCGATCGAGGCGGAGAAAAAACGTCTTCATTC,0.10883830487728119,0
1263,CATCTTCGCTCATAAAAACCTCCTTGACTATACGGTAACCATATACCTTATGATTTGATTGTACTTGAAAAAAGCTTCAAG,0.4376908242702484,0
1264,TTCGTTTTCAGGAGAGACACAGGAAATCGTTGAACTGTTCGCCATGGCTAAGGAAAAAGGCATCACAACGATCAGCCTCAC,0.11413514614105225,0
1265,CCGTGAAATCGCAAAGTCAGCTGATGTAAATGTTGCGCACATCTCCTACTATTTTAAAGGCAAAGGAGGCTTGATGGAACA,0.10667166858911514,0
1266,GATTTCATTCTTGTATTAAATAGAGTTGTATTTATTGGAAATTTAACTCATAATGAAAGTAATTTAACAGACGAGGTGCAA,0.19329114258289337,0
1267,GAAATGGAGCCGATTCAAATATCTCCGAACGGGAAATATGCGTTATACGGCTTTCATTTTGAGCAAATTATTTTATTGAAA,0.09684517234563828,0
1268,AGAGGTGCAAGGCAAGCTTTGGGACGGCCAGTGCTACGTATTTGATGAAAGAATCAGCGTGCCTGTCAACCGTGTCGAGCA,0.10774581134319305,0
1269,CACTCAAAACGCTTGAAGACATGTGCTTTGATATTGAAAAAGAACTTCGCAATCAAGGCTGCTCCGAGGTGAAGAGTGAGC,0.10697794705629349,0
1270,AAGTCAAAAGCACCATTGAAGCCGTTTTGGAAGAAAATCAGCTGCCGGCAGAAAGTGCCGAGCAATTTTATAAGCTGCTGG,0.11086303740739822,0
1271,GTCAAAAAATGTTTGTTACATGGTATCATAATAACAATGAAAACGACAGTTTTTCTCAATACATATCCTGAAATCTTTCTG,0.7588720917701721,1
1272,GGCTTCCTATTATATAGAGATCATTCGATCCATACAGCCTGAAGGTCCTTATGATGTAGGCGGATATTCCTTAGGCGGGAT,0.10654772073030472,0
1273,CTAAATTATAATTATTATAATTTAGTATTGATTTTTATTTAGTATATGATATAATTAAGTCAACAGATCACAAGGAGGACG,0.8804792761802673,1
1274,TCAACAAGTTTTTTCAGCAAAAGACAAGAAAATGGCATGATTCTTGCATTTTTATTCATATGCGAAGATATATTTCATAAC,0.802060067653656,1
1275,AAAGCTAAGCTTGAATTGTTATTCGAGCTAAGTGAAGTCTTAACCCAATTGGAAGGTGAAGAGTGGGTAAGTGCCACTATT,0.10707002133131027,0
1276,CCTGGCGGCATTACGAAGGAACAAATTGAAGCGGTGATCGGGCCGATCCATGTGGATAAAGGGCTCAGCGACCAAAACGAG,0.1096777617931366,0
1277,CCCATACAACTCTTTTATGGACAAATCAACTATCTGCCTATAGATGCATAAACTTACTAAGGTGCTGAAAGAAACGAAATT,0.09801216423511505,0
1278,ATGTGCGCATGAATACGCAAAACTGGCTGACAAAGCAAATCTTTTTCCGTTTTTTAAAAAGTACATATTTCTTCAAAGGAA,0.6989538073539734,1
1279,TCTTCCAAGGCATGCTGAAGGACAATATGGCGGATGCCGGGTTAAACGTTCCGCTTGCTGATATTCCGTACGCACTGATTA,0.1095188558101654,0
1280,TTGTTTCGACACATGATAGGCGTTTGTCACAATCGGCATCCGCTTGAATATCATATAGAGAGAACAGAGAGGTGAAGATGT,0.10437914729118347,0
1281,TTTTCAAAATGTTTTTGTCGTATTTTGTATGATTCTGTAGTCTCCATTATACAGTAATTATACCTTCCGCTATTATGAAAG,0.8720117211341858,1
1282,GATAAAATGCTTCGCCTGACACATAAAGGAGAGGTTGTGTGCGAGCTGCCTGTTGATGCCTTGGCAGAAGAAGCACCGGTT,0.1091780737042427,0
1283,GAATTCACAAGTAATATGCTGTGGGATGAAACAAAATGCTATGTCAATCGTATATATAACGTTCACAAAACATGAAATGGA,0.7364219427108765,1
1284,CCGGAATCGGTGTTATCATTGTGGCGATCGCAGTGATTATCTCTGTACAAACAGGCGTGCTGACGATCAAACGTTTCATTG,0.10884873569011688,0
1285,GCCGGAGATCCTAAAAATGCGGATGACACATCGATTTACATGTTCTATCAAAAAGTCGGCGAAACTTCTATTGACAGCTGG,0.10238444060087204,0
1286,GGCTGACGAAGTACCTGTTCGGGAAAAGACAGATTCACTTTATATTGAAGGCGTATCTGAGCGTGACGTCAGAACAAAGCT,0.11008711159229279,0
1287,AAATTCATTTGGGAATGAATATAGGCGAACACAATGCCCGACAAAACGATACATTGTAGTAGGTAACGATTTTCGGAGGGG,0.13977684080600739,0
1288,ATTGTATTTAATAAAAACATTGATATTTACTTATGTATGATTTTGTTTTAATATGAAATTGTGAGAAAATTGTGATGGAAT,0.8919241428375244,1
1289,GAGTTCTTTCCGGATCAAAGGCATTGGAGGTCTTGAGCCAATCAACGTCTGCCGGAACAGATCATGGGTATTCGTCAGCAA,0.09918798506259918,0
1290,TTTTCTAAACAATTGTTCTGACCTCTTGATTAAAAGCGCCTGATGGTGTACTATATTAAAGAAGCTACTTTGTGCGTATTG,0.7223775386810303,1
1291,AAAAAGAGAACGCCTATGAATAAACTTGACAAACCTGAAAATCCTTCTTATCATGAAATTATGAATGAATAGTCATTCATT,0.1472470462322235,0
1292,TCACTAGGTCTTCACCTAGTCTCTGGAACGATAATTGAAGATTTTCAAAGCAAGCTGACCCAGTTTTCACTGACGTCTCAA,0.0994926169514656,0
1293,GTTCCGCACTTTTCCACCCTTTTAAGCATGGAAACCCCGATCGCTGGGAAAACTAACAATGTTTGGAGTGATGCAAATGAA,0.09779749065637589,0
1294,TATCCTTAAAAGCAGCAAGGAGGATTCAGAAAAAGTCATTCAAAATGTACTGAGTGTCGCCAGGGAGTGTCTTCAAGAAGT,0.09871341288089752,0
1295,ATGGAGGAATGTGATTTATTAATCATGCTCGGAACGTCATTCCCGTACCGTGATTATTTGCCTGATGACACGCCGGCGATA,0.10652779787778854,0
1296,CTCGGGCTCGGAATATTTACAGGACTTCACGTTGCAAATGCTTCGGTCTCGCTTATCATTGGCACGGGGTTTTTTGGCGCC,0.10426494479179382,0
1297,GCCGTCGTAGCCGATGAAGTGCGGAAGTTAGCTGAGCAATCAGCCCTTTCTACAAAGCATATCAGCGAGACTGTGAAGCTT,0.10651196539402008,0
1298,ACGGCCTCCGGCCTGTCTGGTTTTTTTCATAAGTAAGGGTATAGAAGGACACAATAACATGGCTAGGAGGGATAGTATGTC,0.0973343476653099,0
1299,TTATAGATTTTTTTTAAAAAACTATTGCAATAAATAAATACAGGTGTTATATTATTAAACGTCGCTGATGCACAGCGGACA,0.7639986872673035,1
1300,TGTTTGCTTCCAGAAATATAATTGTTATTCATAACTGATGGACATGCGCATAAACTTGTACAAACCACCACAAGGACGTGA,0.12205617129802704,0
1301,TCGACCGCATTTTGTAAAAAAATTCATAGAACCTTGCAGCAGACAGGGACGTCTAGTACATGGACAGCGGATAAAGTTCCG,0.09814736247062683,0
1302,CGAGCATGTTTTCACCCACCTGGTATGGAATATTTCAGTGTTTTTCGGTAAAGTAAAACAAGTGTCGGATACCAGCAAGCT,0.15954048931598663,0
1303,TAAATTTTTACCATATTGCATGGTATGTATTTCCAGATCAATTATGGTACATTGGAGATCAATAGGTTAAGTGAATCATGT,0.8797287940979004,1
1304,ATACACTCGTCACAACAACGAAGTAACAAGTAAGTTCCCAGAACTCATGGACTTAGATATTCCAGATGGAACAGTGCTCGA,0.10629375278949738,0
1305,AAAACATTTCATAGCAACATTACACCAATCCTACGTAAAGTGCACAGCGGAAACACTGTGCATGCAGGTAAGATACCGAAA,0.1490621417760849,0
1306,AATTTAAAAACTTCTCCTGTCCCTCCGTCATCACTTCTGAAGTAATGAAATATGATGAAAAGAGATCAAGGGGAGGTGACG,0.12541377544403076,0
1307,ATCTGTTGCAGACGCTTTCACTTTATTCGAAAAGTTTGAAGCTAAGCTTGAAGAATATAACGGCAACTTAAAACGGGCGGC,0.1089610829949379,0
1308,TTTACAAAACCTTAACATTCGGTTCAAACCCTTTTTACATAGAACCTTTACTCTATACGTGTAGGACAAATTACACATTAT,0.33280089497566223,0
1309,ATTTACCAGGAAGATGTTGAGGAGATTTTTGTAGTAGGAACAAAAGATAAGAAGACTTCTGCAGGTAATGGACTAACTCAA,0.1004507839679718,0
1310,TTGACTTGGAAATCCGTGTCGCGGACCAGCTGTCACTTGAAGAGATTCACAGGCTGCGGAAGGCGCACCCGGGCTTTATCC,0.10997550934553146,0
1311,GCGTCAATGAGGTTAGCCTCTTGTTCAGACATCAAAATTGGGTTACACTTTAAATTGAATGTTAGGAAAAATCATTTTATT,0.701145589351654,1
1312,CAAACAAAAGAGGAAAATAGACCAGTTGCAATCCAAACGAGAGTCTAATAGAATGAGGTCGAAAAGTAAATCGCGCGGGTT,0.09943545609712601,0
1313,TACGGAAGAAAAATTAACAAGAATAATGCGTAACACCCAAGCGCGTTTTATCCTTTATGTAACGAATCAAACGAGGAGGAA,0.10272222012281418,0
1314,TAATATTGCATCTTATGCCCTCCTAACCATGATCATTGCTCATGTGACTGGGCTTGAACCGGGCGAGTTCATCCATACGTT,0.10560005158185959,0
1315,AGAAGGAAACGGTGTTCTGGGTTGCGTGGCTTGTACCGATTGCCGGATTCTTCAGTGTCGCAGAATTTTTCCATCATTATT,0.10059290379285812,0
1316,TCACCAAAAATAGGATGATGAACCTATTCAATATAAAAGCTAATAATCTTAAAATTAATTCCGTTGTAACTTTTTATAGGT,0.5222206115722656,1
1317,CTGTTTAAACTTTCTGAAAAAGATGTTGAAAAAGTCGAAAGGATTTTATAATATTAAGTCAAGTTAGTTTGTTTGATCAAC,0.27099061012268066,0
1318,AGAGGGGCCACAAGAGGTGACGGGACGACGGGAGAGGATATCACGGAGAATCTGAAGACGATCCGCAATATCCCCCTTAAA,0.10871309787034988,0
1319,CATTTATTCTTCTAAGCTTTAGTTTACATGAAGCTCTGCTATCATATATAATTCAAAATTAAGATGGAAGACATCTCAAAA,0.8815109729766846,1
1320,TTCACATATAAAAAGCTGATTATCTCCGCACATCTCTCCCTGCCCAACATATACTTTTACAGAAGCCCAATTCCTAAGAAT,0.20850175619125366,0
1321,TGATGATGTAGAGGAAATGACGCATCAGATTTTAGTCGAAAAGGCAACCGCCGTGAAAAAGGAAATTGAGACGCTGCTGAG,0.1068544015288353,0
1322,TGAAATCATGACGCCGTATTATGGTGAGCAGTTGGAACAGGTTTTGCAATATAGGGAAGATGATGTAACCGGCATATTAAA,0.10087981820106506,0
1323,TGTCTCTTACAGAGGACAAACAAACTTACCAAACCTATCATCTGTTCATAGAGTATACAGAGAACCTTATAATAGGAGGAA,0.10515893995761871,0
1324,TCACCATCATGTTTATTTTTATGTTTATCAACGGATGGTTTCAAGGAATGGGCTGGCCGCCATGCGGCAGGACGATGGCCC,0.10107218474149704,0
1325,AAGTAAAGATGCGTCCTGTTCTGCGATGTTTAAAAACGATCTTTTTTTCTCATAATAGTAGAAACATAAAAAAAGGGGGAA,0.8599964380264282,1
1326,GACTTACGGAGAAGTGTACTTAGTGCTGAAAGGAAATAAACGAAAACTCGTCGTGAAAAATGTCACGTCACAGGGAATCGG,0.10100066661834717,0
1327,TGTGGAAAAACCGCGAAGTTCGTCCAATCTCTTTACTCTCCTATCGAATATCCTGTCACTATCAATAGAGAAAGGATGATA,0.11457820981740952,0
1328,CATATGGGGGAAAAATCATTAACATTCACCCATCGCTTCTTCCGGCGTTTCCTGGAATCGACGCAGTCGGACAGGCGTTCC,0.11010874062776566,0
1329,CTTGCGGAAAATGCGATTCAATACGCGCTTGAACCCTTTACAAGGCCATGCGCCATCCGGATTCAGGCGAAAAAGGCGAAG,0.11724995821714401,0
1330,CGTGAAAAATTTTTTATCTTATCACTTGAAATTGGAAGGGAGATTCTTTATTATAAGAATTGTGTTAGCACTCTTTAGTGC,0.6339163184165955,1
1331,TTTTTTTATATTCTTATTTTAATAGTTGGACAGAAAATATTCATTCAGGCATACTGTTTCGAAAGGAGGCGTGCTATGTGA,0.13358189165592194,0
1332,AAAACGGTTGGCATGATTGGGTTCGGCGCAGTCGGGCAAAGGATTGCAAAACTGCTGACTGCGTTTGACTGTAAGATAAAA,0.1111007034778595,0
1333,TTTGTAATTGAATTACAAATACTTTTAATATTTGCTCATGAATTCGTGGTATTATACTGAAGGGGACGATCAAAAGCTTTG,0.8488174080848694,1
1334,ACTTGAAAAAATAGATTCCATTTGGTCACCAAGGCTGGCTTTCTCTCATATCATTACAGTAGATTTTGAAACCGGATTGAA,0.21182630956172943,0
1335,AAAGTTGTTCCGGATAAGTCGTCCTTGACTAAAGATCCGGTATTGTGTAGAATAGTTATTGAATTGAATATAAATCACAAG,0.2904999256134033,0
1336,GGTTTTACGCCGCTTTACATGAATCAGCTCGGAATGGGCGACGCGGAGCTGCTTTGGGTGATGAGCGCCTTTTTCCTCCCA,0.11010168492794037,0
1337,TGTTAAAGACTATAAAAAAACCTTTTGACTTCTGCTGCTGAACCAATTAATATAATACTCAGTTAATAGTTATCAGAATTT,0.8836224675178528,1
1338,TATGAAAATGCTGACGAGCCTTGTCAAACCGACAAGCGGTGAAATCATCATCCTTGGGAACAAGTTCACCCACACGTCATA,0.1059146597981453,0
1339,CTTTTTGGTGTGGATAACAGAACGATTGTTCTTATATGCATTTCATGGTAGATTAAAGATAACTTCAACCTCAGATGAATG,0.8471773862838745,1
1340,TGTTGGCTCAAGTCTGACAACTGTAAGCACAATCGGAGTAGCGCTGATCGGCGTGGCGAGCGCGGCTGGCGTTCCGCTTGA,0.10402702540159225,0
1341,TCGACTGATTATAATACGAATCCGCATTCAGCGGTCATTGACGGGCTTACAACAATGGTAATGGAAGACAGGAAAGTAAAG,0.10316267609596252,0
1342,ATCTGCTCCGACAAGTTTTCCCTTTCCCTAATTCGTTTTTTTTTAGTACAATTAGATATTAGTGATATTTGAAAGAGGTCG,0.8452457785606384,1
1343,GAAGAACAGCTTCAAAAAGAAGAAGCGGAGTTTATAACAAATCTTCTTGAGGAAGGGAAGATTTTGCATGACATTCGTTTG,0.10339637100696564,0
1344,TAACTGTGATCCAGATGAAATCGATGTTGTTATCCCAGCGAACGATGACGCTATCCGCGCTGTTAAACTTCTAACTTCTAA,0.11202090978622437,0
1345,TATTTATCTGATGGGAAAGCTTATTAAAGGATTTTCTTACATAACGGAGAATAGTATGTATACAGCCCAGTACACATGTTT,0.8198087811470032,1
1346,TTAGACCATCATATTTCGATGTAACCTACAAAATTGGGAGCAGAAAAGAAATAAGCGTCTCTATTAAAAATCAGCCTGGGG,0.09852355718612671,0
1347,TCGCTAGCGAAAGATTCCTGGAGCCGGAACTTGCCGTTTGAGCCGGAGAGAGGCGAGATTCTGGATCGGAATGGTGTGAAG,0.1061595156788826,0
1348,CCACACTTTCAATTTTGCTTCAATTTATAACAACATCTGGCATAGACGCATAATCTGGTTAAAAAAGGCGGTGGCGATATT,0.10428458452224731,0
1349,TTTTGTTTTTCTTATTTGCAAATTCTTTGGAAATAACAAAAGGTATGATATGATAATGAGAGGTATACATGGACTAGTAAA,0.8902505040168762,1
1350,GCAGGAAATCGGCAGATCTATTTCAGAATCAATTTCGCAAATTGCGATGATGCTGCTCATCATAGGAGGGGGAGGAGCGTT,0.10355743765830994,0
1351,AATAGTATGTATACAGCCCAGTACACATGTTTATGATTGAAGAAAACGGGTAAACAGCAGTATATCCTGCAGCAAGGAGGT,0.5506783723831177,1
1352,CAGGCATCGTTCTGCAAGGAACCGAAATCAAATCGATTCGCGCCGGCCGCGTAAACCTTAAGGATTCCTTCGCCAAAATCG,0.1158422976732254,0
1353,TTTTTTAATGGAGTGGACATAGCCTATACCATAAATCGAAGTCGCACATATTGTGAAACAGAGATAAGGATAAGGGAGAGG,0.35639822483062744,0
1354,TCGGGAAATGCAGGAGCGATCACAGGGAATCGGTCATAAATTATCCATCGGGATTCCTGCTGTAACAGGGAGATATCTCTT,0.09972327947616577,0
1355,TGCCGGAGTGCACGGCGGCCGGAAACAATGGGGACATTTGCGGAACGGTATTAAAAACCGATGTTGTTCTCTTTGGCGATG,0.10448877513408661,0
1356,CCGAAGCAGATCAAAAAAAACGGCTGTTTTAAAATCTTTCCATTCAGGGAATATTGTTACCGTTCAAAAAAGGAGGGCCAA,0.09724816679954529,0
1357,GTTTTCTCCAATCTGATTTTCTTCGTTTGACTCTTTTTACAAATCCTCTTTCTATGTGTTTCATTTTCTGACAAATCATGA,0.15105903148651123,0
1358,CGGTATACCTGGTATGACAGCACCCTTAAGAGCTGGCATGGAACTTGCATAATAAAAGGCGGAGTCGAAACAAGAAAGGTG,0.0992746502161026,0
1359,TTTTGGCAAACTGGGGATCGGCTAAAATATAATACGACTTACTGCTGATACTTTAGGGTACCCTAAGTTTGTATGTATAAA,0.8162743449211121,1
1360,ACTTTTAAAATAGGTCTTTGCATCAGAACATGTACCCCTTATTTTTCATAACTTAGTATTGTAATAAAGTTTATGGAAAGG,0.8826792240142822,1
1361,ATATCTTGTAATTCTTATAGAAAGCGGGAAACTTTTTCAAAGTTTCATTCGTCTACGATATATTGAGGTACATCCTTAAAA,0.8548490405082703,1
1362,CTTTTTTTGCTTTAAGAAAAGGTTGTTCTAAACACAGAGACAGGGTCATATCCTATACACAAGTACAGTCATCAAGGAGGG,0.39912599325180054,0
1363,ATAGATCAGGTACGGCGTTCGACTCATACCAAATAACAGCCGGAAGAATATGAATAACGTGAGTTCACTATCGAATAGGAG,0.13671304285526276,0
1364,TTTTTTGAAATTTATGTACCAAAATAGAAAAGAAAATAAAAATAAGCCGATATAACTATTGAACCAGAATAAATAGGACCG,0.8621856570243835,1
1365,GTTGAGCAGGCGCGTGAATATGCAAAAGAACATGAAGTAGAAATTAAAGACTCTATGACAGTAGGCCATATCATCAACGAA,0.10801971703767776,0
1366,TCGCCTGAGCAGCTGAAAAATGCAATTACGGAAAAAACAAAAGCAATCGTTATTAACTCTCCAAGCAACCCGACTGGTGTC,0.11139815300703049,0
1367,TTGTGTTCTGATTCCAATGCGAAAGCGAAATGAATATGAAAATGAGCTGCTGATAGCCAGAAATGAGGCTCAGGAAGCTTT,0.09851834923028946,0
1368,AAGATGAAAAAAAGTAGGTTATGGCTTGACAAAAAATATATATTAATTAATAATTCATATATAATTAGAATTATTATTGAA,0.8902145028114319,1
1369,AGTTTCATTGTTTCTTAATTTTTCTTTAAAATATAAAATAGGTTGACGATAAAATATAATGAGGTGAAAAAAATGAAAAAA,0.8901346921920776,1
1370,TATCAAAAATCGTATTTAAAAAAGAGTTGACATATCGGAATAATTTGAATTAACATGTTATTCAAACAAAAAAACAATTGG,0.8894418478012085,1
1371,TGCGGTCCAAGCTGTTTTCTTTTCAATACAGACATTTTACCTCGGAGATGATGACATGCTGACAGAACAGCCCAACTGGCT,0.11647044867277145,0
1372,ACGATAAACTAATTATCTTGTAAACGTCACCTCCTGCGCCCTTCTTACATATGATATCTCGACTATATCAAAACCCATTCG,0.18718959391117096,0
1373,TTTTTCATTGAAGGTTCTCTTTTTAGCATGATTTATTCAGCAAATGGCAACAATATAGGTACTTAATGTGAAGGAGGCCCC,0.21783599257469177,0
1374,ATATTATATTGGCAATAAGTTTAGCTTTTCTGGGAGTCCATCTTGGTGTAGACTTGTATTTAGCAGGTATATTCGCATTTG,0.09878768026828766,0
1375,CAACGTAAATTTTGTTACTCTCTGGTGTATATTACATTTGATGTGACGGATACTAATTTCAAGCGAGGCGGAAGGTACATA,0.6081494688987732,1
1376,GAGAAAGATTGGGTTCCAAAGGAAAAAGGAACGTCACTGTATATTCGTCCTTTTGTCATTGCCACAGAACCGAGTCTCGGT,0.10613878816366196,0
1377,CAGAAAGAAGTATATGTGCTGAATCAGCCTGCAGGAGGCATACACTCCATGCAGGATCTCATAGAAAGAGACCGCAGCTGT,0.10072292387485504,0
1378,TCTAATTCAAAAAGCTGCTGACATGAAAAATGTAACACCATTAATTAAGACAACTGAAACATACAAAGGAAAAGTCTTTGC,0.10093412548303604,0
1379,TGAAGGCGGAAAAAGTGCTGGAAATCAACCCAAATCACGAGGTATTCCAAACACTGCAGGACGCGTTTGAACAAGATAAAG,0.10230816900730133,0
1380,GCTCTACTTTCATCCTCCCTGGTTTTAAGGGCGAAATAAAAGGAGTAATTGATAAAAATAAAAAAGCATTCTCCTTGGAGG,0.09862101078033447,0
1381,TGTATACAATTACCAAAGTTTTTCTGAATGAAGCCATGTGTTTTGACACATTCTATACTCACAAGGAGGTGAGACACATGG,0.21986640989780426,0
1382,TCATTGAACAAAATTTCAATTACCAATTTACATATGTTCAAAAGTCGGTTATGCTAAAAAATATCTTAACAAAAAAGGAAG,0.7743629217147827,1
1383,CGGCACCTTTTTATGGCCGATGCTGGCGCTTTCTAATATCGCACAAGGTTCGGCGGCTCTGGCCATGATGTTTATCGTGAA,0.11846787482500076,0
1384,TCTGTGGTCAGCCGCAATATCAGCTCACTGCAAAACGCAGTCGTCAGTATCACAAGAGTACAGGCGGGCACCTCGTGGAAC,0.107313372194767,0
1385,TAGTCGTTTTTTATAAAAAAAAGTTTCATTGTTTCTTAATTTTTCTTTAAAATATAAAATAGGTTGACGATAAAATATAAT,0.8909717798233032,1
1386,ATTCTTGCACTTCATGAAGTCTCCTTGAAATCAGAAGATATTTAGGATATATTTTTCTATGGATAAAAGGGATATTGGAGG,0.8381633758544922,1
1387,TATGGAAAAACATTTGAAGGGCATGAAGAGCAAAACCGTCTTTTTAGCCGATGAATACCAAAGAAGCATGAAAGGCTTGCA,0.10963358730077744,0
1388,TTTGGGATTGTTATGTGAGAATTTAAATGCATATCCCATTATTATTTGGTAATAATAAACAAAGAAAGGGTGACAGCATGA,0.8747379183769226,1
1389,TGAAAGACGCGGTTGAAAGCATCTTTGGAGTGAAAGTTGACAAAGTCAACATCATGAACTACAAAGGCAAATCAAAACGTG,0.10098792612552643,0
1390,GACTGAAAGAATCGATCACTTTGAAATGAAACCGGTCAGCGTTTCATCCGTATAACAGATATGGTGAAAAAAGGGAGTGAC,0.10303694009780884,0
1391,AAACGGTGACCTGCTGCCTCACTTTATCACAGTCCGAAACGGCAACAGCCACGCGATTGAAAATGTGGCCCGAGGCAATGA,0.1095622107386589,0
1392,GCAAGTAAGGCCGGGCCTGCACGGCAAACCGTTCACCCTATATAAGTTCCGGACAATGACGGATGAACGGGACAGTAAAGG,0.10555128008127213,0
1393,GGAATGACCAGGTGGCGACTGACATGCATTTATACTTGAAGAATCATGTCGGCCACATCATCGAGCTGATTGAGGCATTCC,0.10269082337617874,0
1394,TTAAATTTAATGTAAAGATAATGTTAATCCTTTGTTGAAGATTTATGTTAAAATATAAGGTAGCTTGATTTTGCTTTTAGA,0.8914251923561096,1
1395,TCTTTTATTATCCGGAGCGCTCGTAGGGCTGGCAAAAGAAGAGACGGCACAAAAATCGGAAAATCAGCCGGTGGTCATACC,0.10856009274721146,0
1396,TCTGATATAGCCGATGCACATGCCAATGCATAGCCATCCTTCTTTTTGGGTAGAGACAGTTAACACACAATGAGGAATTCA,0.44732487201690674,0
1397,TGCCGGTTTTTTCGTGCTCTCCCACTCATATTTTCTCCAGTTCATACATACACCTTTAGTGACATCTAATTTTAAGGATTA,0.6962709426879883,1
1398,TGCTCCAAAGGGACCTATGTAAGGACGCTGGCGGTCATGATCGGAGAAAAGCTCGGATATCCGGCCCATATGTCTCATTTA,0.11230795085430145,0
1399,CAAATTTTTATAAAAAAAGTAAAAGTTTAATCCTTAGTCTATATATAATAAGATCATATCAATCAAATGTAGGGGGAGTTA,0.883952796459198,1
1400,CGACAAAGGAACGGGGAACTGGACTTGGGCTTATGGTAAGCTATAAAATTATTGAAGAACATCAAGGCGAGATTATGGTAG,0.0976257398724556,0
1401,GAGAAAGAAATTTAAGCTTTGTTTCTTTTTCATTTCTGAAATTAGGTTTATAATAGGTAAGGCAGGCCATTTGGACTGCAT,0.879532516002655,1
1402,CAGCTTTGCATCCATTGATACATGTCAACACATCTGATTTGTCAGAGCAGCGTTTCAGCTCGGCCTTTACAGGTGCTGAGT,0.1162470206618309,0
1403,TTTGCATATCAGGCCAGCTTTTTGTTTGACCTTTATTGACCAAAAATGTATCATGTAACTACATACTTACCTAAAAGGTGA,0.5952857732772827,1
1404,TATTAGACGAACCAACCTTTGGCCAGGATGCCCGCACGGCGGCTGAATGCATGGAAATGATTCAACGTATCAAGGCAGAGG,0.11241776496171951,0
1405,AAAAATGTTAAACCTTTCTCCGCACTATCTTTTGCGGCCATTTTTGGGTACTATATAGTAATGGTGTTTGATTAGGTATAA,0.10654336959123611,0
1406,CCTTATAAACAATATTTTGGCTATATTGACCTTGCTGAGAGATTCATATATTATGAGGGTGTCTAGAGTTATTGCAATATT,0.680952787399292,1
1407,CTTCTAGTCAAACCAAGGCGCCAAACGTTTTGAAGGGGAATAAACTATATGTGAAAGCTCGTTTTATGGGTTATACCAAGT,0.09753674268722534,0
1408,AAAATTAAAAATACAAAAAAACCAAATTATTTACTTGCGGTTGGTTTTCCCATACGATGGCAAAAAGGCAAGACAAAAAGG,0.4881468415260315,0
1409,CTCGTCCTTGTCGGTTCACTGAACGGCTTAATTCTGCCGATTGCGCTCGGAACGCTGCTTGTTGCCGCCTACAAGAAAAAC,0.1176343634724617,0
1410,GATATGCGCCTGTCGTTAACGGAGTGCCAATTAAAGATTCGCAAGTGATCGTTCACGTCGATAAATCCGATAATGTCTATG,0.09920036047697067,0
1411,TGTTATGAACAATGCCTGCTTCCTATGTATGAAAAGATAGAATATGGAAAAATTAAGAATAAATCTGATTGGAGGTATAAC,0.10686889290809631,0
1412,TTGCATGCAACTCTTCCGGAAAAACGTTTATTCCCGTCTTCTATGGGAGATACTAGCAATCAGAGGAATGAATTGGATACA,0.09938531368970871,0
1413,GCGCTTATGTAGAAGGGCTCCAAAGAAACGAAGTCCGAGCGCAGCTTGAGAGACTGTTGCCGGGCTACATGGTCCCAGCCT,0.10809244960546494,0
1414,TTTTGTTGCTCTTGGCGCACTGTTATTAGGCCGGCGAGTGCTAGAAACAAACGGGAAGAAAATTACGAGGTTCTCCAAAGG,0.10226031392812729,0
1415,AAAAATCAGCCGGTGGAAGTAAGTGGTCTAAACTCCTGGATCTTCTCATAAGCTTGTACTAGAACAAGCGAAGGAGATGAG,0.17148816585540771,0
1416,TTATAAAGTAAAAGATGTAAACGGCTTCCGCGGCGGGCCGGCGTATTACATGGAAAAAGGGCTGAACAAAAGGTGGATGGG,0.10895303636789322,0
1417,TTCAAACAAACGATGGGAAGAAATACATCAAAGGATAAGCGGCTGTTCATACTAATGATTGGGAGGTAAACCGACTTATGA,0.10104638338088989,0
1418,TTTTTCAAAACAGACATTTATGCCGCCCCTTGGCTGGGTTTGATGGGCGCAGTGATTGTGCTGGCAGCTGGGATGCTCTAT,0.10835941880941391,0
1419,AAATGTTCGGTCTATTAGGCGCAAACGGAGCGGGAAAAACAACAACGTTTCGCATGATCCTAGGATTATTAAGCATTACGG,0.11271476745605469,0
1420,ACAGAGGGCAGTATTTTCATAGGGACATTGAGACATCAACATGTGACCATCCTATCGGCTAAAGGGAGCAGTTTTGATATC,0.10018415004014969,0
1421,GAAGAAGACATTTATTGGTGCACGGCTGATCCAGGCTGGGTGACAGGTACGGTATACGGCATTTTTGCACCGTGGCTGAAC,0.11554551124572754,0
1422,GCAATTGATGAGCGTGACGTCATTACGACGGAGGCATTAAGAAAAGCGGCGAGCGACTGGTATCAAATTGAAAGAAACGGA,0.10507243871688843,0
1423,ATAACAGATATGGATGCGGCTTAAGCATTGAACTTCTGAAGGAATTACACGGTAAAGAGCTTCCGAATACACTCTATGCGG,0.10699949413537979,0
1424,GGCGACAACCGTCTGGGTGGGGACGATTTTGACCAAGTTATCATCGATCATCTGGTGTCTGAATTCAAAAAAGAAAACGGC,0.11231280863285065,0
1425,CGAGTGGGGGAACAGCTGATTCAAAAGCTGTCACTTTCTGAAGTGACAGTAAAAGAAGCGCTTGAAAAAGCCGGGATGAAG,0.10990232229232788,0
1426,GTCAGCATCAATGAAATCAAACAGATTCATGAAACAACCCGCACAGATCTGCCGTTTGTGCATGAACTGTATCAAGAGACA,0.10577329993247986,0
1427,ATCAACCGGTAAAGGCCGCAGCACATCAGAAAAAAATCATACTGACCCTGCTGCCGTCCCATGACAATTTGGGAGATCACG,0.09850450605154037,0
1428,TGAGGACGGAGGCATGCGGGAATATATTGTGCTTCCGGAAAGACAGCTTCACGCGGTCTCAAAGGACTTGCCTTGGGAGGA,0.10182125121355057,0
1429,TCCTTTTACATAAACCTGTTGGCATGACATCGCACGACTGTGTCATGAAGATCCGAAAGCTGTTAAAAACAAAAAAAGTAG,0.1506498008966446,0
1430,AAACATAAATGTAATAAAATTTATCGCTAATTTGTCGAAACTTGATGGTATAATGATTCTCGTACATAAGGAATTAGTGTT,0.8265047073364258,1
1431,TGTCATCTTTTACCTTGATCAGAAGCTAAATGATTCTGTTTTTATGCCGATATAATCACTAGAAATTGACACAGGCATATT,0.8469637036323547,1
1432,TAGTCAGCAATTATTTGGAGGATAAAGAATCATTGAATTACGGCGTTTTGATGGAATGGAAAAATGTTTTTTATAAAAAAG,0.14442923665046692,0
1433,CCTTTCTTCAGGAAAAAAATAACGCTTTATTACGTGGTGTTCTCCATATACTAACCTTACGTCTTCATCTGAAAAGACGCA,0.09786520898342133,0
1434,TGCGCAATATCCGCAGTGAAGTCAATACGCCAATGAGCAAGCAGGTTGAACTGTACATTAAAACAAGCACAGACGAAATAG,0.09799117594957352,0
1435,ACAGAAATATTAGAAATTTTAGACGAAAACAGCCGCGCCGATTTAGAAACAATCGCAAAGATGGCGGGCATCCCTGTAAAT,0.1092204749584198,0
1436,CAATTTTCTGCCGGACAAGATACAATTCATGAAGAATAGGGTTTTGGCATATATGTGAAGGGATCATGATTGGCAAAGGAG,0.30946969985961914,0
1437,ACCAAAGCGAGCAATTCGCACGTGATTCCGCTTTCTTAAATGCTTCTTTAGCTGCTATGCAGCTTATGATTGCCGCAAAAG,0.11193522065877914,0
1438,TATTTCGAACCGCGCCCGTTCGTTGCGCATACAGTGCATACACTGATTCCGCATGCTGCGGATGCTTCATTTCCAAGTGAC,0.10354916006326675,0
1439,CAGCATGATTTTCGGCGTCCGTCATTTTTACATAAACGATCGGCCTGTCGGTGAGCTTGGATTAAATGCATACGTTGCCGG,0.09761112928390503,0
1440,GCCTCGCCATGATACGGCCGGCATGGCTGATGATGGCACCAGACCAAAAAGGAATTAACCGACGATGGCTCGCCCTCGGGC,0.0991460457444191,0
1441,CATTGTGATGACGACAGAATATTACTGGCATTGGGATTTAAAAGGGATGAAAAAAGATGTGTGGGAATACAGAAAGATCAT,0.09727074205875397,0
1442,CCCCCAGGCGCCTTTTTTATTGGTTTAAAAACAGTTTGGGCGGGAATGATACCCTAAAAAGGGGTTGAACATATGAAATTA,0.11015687137842178,0
1443,ACATCTATCGCCAGGCAGAAGGGTCATCAATCGTCGAGCTTGCCCACCAGATGAAAAATGGATTGCTGCCGAACAATTTGA,0.10102027654647827,0
1444,ATACCTATATATTCTAGCAATTTAATGTGTATAATCATAAGTTTATTGATATAATGGAGAATAGTGAAATCGTATTGAAGG,0.886237621307373,1
1445,TATGGAAATTGAATGACATGAAACGACAATATCTGTAATTCAGATTGTCTACAGTTAATATACAGCGATGTTCTGACAAAC,0.8420796394348145,1
1446,AACCAGAAAAATTAATGTTGTTATTGAAAAATGAATATCCGCTATGCTACAATACAGCTTGGAAATTGATTAAAATCTTGC,0.8209317922592163,1
1447,CGCGCCCGCCTAAAATGAGGTGCGGAACCATTAAGAGCCCGGCTGAATATGCTTTTTAGCAAAATGGTTTTATGCCCAAGG,0.09563864022493362,0
1448,TCAACAACCAAAAGGGAAAGAAATATGCCTACGATCATATGATCAAGCAGGCGCACCCGGGAGCCATTTACCTGCTTCACA,0.10625011473894119,0
1449,TAAAAATATGTACGCTGATATAGAGGATTTAGCCCTAGAAGTAGCAAAATATTACTATGAACAGAAATGGTTTAAACTGTC,0.09689465165138245,0
1450,TATCATGAAGTCGAAATGATCATGACGACAATTGATTTAGCTGATCGAATTGAATTGACGGAGCTTGCAGAGGATGAAGTG,0.10471849888563156,0
1451,TTTCGCATATTGGTTTGTATCCCTAGCGCAACTTGAGCATAAGCAACATAAGATAACGATAGTTTCAGGTGTGAAGTTCCA,0.40988636016845703,0
1452,TTATTTCAGACAATCTCTATTTTTATTTGAAACTTTTCATGAGTAAGATTAGTCTACTAAATATAAAAATGTAAAAGGTGA,0.8556278347969055,1
1453,GTTTAAAAAAAAGGAAACGCGATCGTGTTGATTTTTTGGATTGAACAATTTATAATACATAGGAGATTAAGAAAGACACAC,0.8339142799377441,1
1454,AACTACTTCTTTCTGGGGATGGTCAACATCATTCTCGCATCCAATATGTCTTCATTAACAAAACAGTGGAATACCGATCCG,0.10068198293447495,0
1455,AAATCATCCCGGCATGCCCTCCAGTCCTCTCACAAAAAATGATGCTGGGTGATGAGGAGCGGATGGAAGATACCTGGACCG,0.10958287119865417,0
1456,TTTTTTTAGAAAATGATATGAAAAAGGAATGAACCTTTCTCCCTTGCATACAAATAGGGAGAAAGGTTTTTTTATATTAAT,0.8570818305015564,1
1457,TCAAGATATGAAAGATAAAATCGCGCTTTTCTGCGACATCGATACAAAAGCGGTTATTGAATGTGAAGATGCGGACAACCT,0.10844365507364273,0
1458,GATACCATCAAAAAGTTATAATTGGTACTTTTCATCATACCAAAGAGAAGTCAGAATGATAAGAAAATACCGACAGGGGGA,0.8033989071846008,1
1459,TTTGTGGATAAGATTGTGACAACCATTGCAAGCTCTCGTTTATTTTGGTATTATATTTGTGTTTTAACTCTTGATTACTAA,0.26509153842926025,0
1460,TTTTGTGTTCAGTATTTATTTCAGCTACTATTTCCGACCGGATAAGCATACACTTCTCAACGGAGGGGATTTCACATCATG,0.10127728432416916,0
1461,ACCTGATTCGCCAGATTGAGCCGGCGAGAGAGCCGTTTAATACCAGCCGTCTGGGCCAGGCTGCGGCGATTGCAGCACTTG,0.11678571999073029,0
1462,TCACTTTTTTATTTGCGGATTCCTAGGCACAGCAATCTAAGATTCTGCATAGGCTGAAATAAAATCTTGTTCATTTCTAAA,0.8645241856575012,1
1463,GTCCATGATAAATCAGGAATTTGTCCATGGTGTTATATCTGTTCATTCTCTATAATTCCAATTGATAATAGTTATCAATTG,0.8232346773147583,1
1464,ATTATGGCCAGTCATGATACGCCTGTGTCACCGGCTGGCATTCTGATTGACTTGGACGGTACTGTATTCAGAGGAAATGAG,0.10791632533073425,0
1465,AAAGATTTATATTAAAAAATATATTGACAACTAACTAAATTACCTGTTACCATGTTCATCAACTGATAAATTAGAATTGTC,0.8628084659576416,1
1466,TTTTGAAGGAGAACGCCACCATACTTTCCGTATTTTGCGGGCTGTAAAAAACCGTTTCGGATCTACAAACGAAATGGGCAT,0.09685979038476944,0
1467,TTGAAACAGCTTTGCTCAACATTGTGAACTATCAAACATTAATCGCAACAAAGGCTGCCCGGATTAAAGGCGTCATCGGTG,0.10054939985275269,0
1468,TGGCTCCGTTTTGCTGAAAAAAAAATGAAACCATGGCGGAAGTTCGCACGTCTTTATAGATGTAAGGCTGTTTAAACAAGA,0.4651201665401459,0
1469,ATGGTTTATCCGATATCATAAAAATGTGTAAAAACATATTGAAAAGGGTAAATAGAGAATAGTTTAACCATAAATTTTTTC,0.7687027454376221,1
1470,AAAATCTGCCAAGATCGAAAAATAAAAAGGATTTTTTGTGTCATTGGCGAATTATGATCTATTGAAGCAACCGTTATGGAG,0.12959177792072296,0
1471,TTTCACTTGCTGTTTCCGAATCGTTTTAACAATAAGACGAATGGAATTGCCCACAGGCGCTGGCTGTTAAAAGCGAATCCA,0.09900528937578201,0
1472,GTATGGTAAACGCCTGTATTACCCAAACGGATGAAAACACCGCCATCAGGCTTTGCGCCACAAAAGAAGGTTTGCCGCTTT,0.10952146351337433,0
1473,AAAATGTGATGGTTACACTTGATGTGTTAGAGAGCGTTATCGATGAAGCGATTGAAAAAGAGGTTGACTTGATTATTGCAC,0.10608748346567154,0
1474,CAGAGCAAGCTCGGGGTGTTCTTTTATGAAACGTTTTTCCTTTTTCTTCGTATAAAGGTAGATTAGGAGGAATTGGAATGA,0.10481499135494232,0
1475,GAGCATTCGCAGTCTCTTTTCTTTTGTCATGAATCGAAATGGACAAGCATACTATGGTATAAAATTTCGTATGCGGGAGGA,0.09951334446668625,0
1476,GAAATGGAATTTGAAAACGCCCGGCCGTGAGACAGATGAAGACGGTCAGAATGAGGAGAAAGCTCCAGTTGCAAAAGACCA,0.0997413694858551,0
1477,TTAGAAAGTTCATCATAACAGGGAAATGCGGCGAGCTGAGGGATTATAAAGAAATATGGGCTTACAGCTATGAAGGATGTA,0.09608570486307144,0
1478,TCATCGGTTTTGAGATGGGGGCGGACGATTATGTCACAAAGCCGTTCAGCCCGCTGACATTGGTTGCCCGCATCAAAGCCG,0.12305046617984772,0
1479,GGCGAAAGCATGCATTTAAAGGTGCTTGAAACAAGACGTCCTGTCCGCGGTGTCAGAATGAAGGTCGGCCCGAATGAAAAA,0.1151849702000618,0
1480,GATATGGTTAACGGTAGTGAAGAGCAATCAAAAATAACTGATTGGCTATATAAATTAATGATTGAGGATGAAAATTCACTT,0.10154429823160172,0
1481,GAAGTCATAAATGTGCAAAAATAGGTTTACGACTTGTCAGCTTTGGGAACTTAGGCTATATAAGACAACAATCGATGGAGG,0.0977880209684372,0
1482,ACACTGGTATTTTTTTCAGCTGTATGAAACTTTCTTATGAAAAAAGTCGTATATGTGGATGATCAGCTTTCAAGGGGGGAA,0.6494931578636169,1
1483,CCGGAGATATCATTACGGTTGCGGCGGATCGAAACTGGGTCAGCTTTATGTACAGCTACCCAAATCTCATTCCCCTTCCCG,0.10291396826505661,0
1484,ATGCGTTCAGCTCATTCACCATTTTGAATAATGCTCTCTCCACTTGGGAACAATGATTCGGAGGAGAGGTGAATGATGTTG,0.14848680794239044,0
1485,TAAAAAATAATTTATGCAAAAGTATTGTAATCTATCCGTAATTATTGTAACATTTGTAACATAAGAGAAAGAGATTTTGAA,0.8911477327346802,1
1486,CCGTTGCCTGCGGAAAAACCCTGAGTGTTTATGAAAGCGATTTCATAATATGATGATAGCAACAGCAGGACATTACAAAAT,0.20429304242134094,0
1487,CTTATATAAAAATCAATCTCTGATTCGTTTTGCATATCTTCCAACTTGTATAAGATGAAGACAAGGAAAACGAAAGGAGGA,0.10424920171499252,0
1488,CATAAAATACACAAAGTGTTTTAGTACCTGCTTTTCAGAATATGTGGTATTATAGGAACTGTTCCATCATTAATCCATAGT,0.8634583353996277,1
1489,AATGTCCTGCTTTCGCTAAAATAAAATCATGAAACATGTTAAGATGACATAAAATAGAGAAATAGGATGTCGGGGAATTAT,0.8239148259162903,1
1490,GACGGCGGCATGACCTTAGAACTGAAAAGAACAGTCGATATTTTGAAAGAATTGGGCGAGAAAAAGAAAGAGCAGATTTTG,0.10460559278726578,0
1491,AGGATGAGAAATTTTCTAAAGATGTCATATTCAAATAGGACAACGTCATACACATATAGTGTCCTGTGTTTGATTGAAAGA,0.7894289493560791,1
1492,GGCCAATTTCAGCGCCTTTTACAGCAGAAAAGGATTCGCTCGATTACTGGCTGACAGAACGATACAGGCTCTACACCACTT,0.10480526834726334,0
1493,CTTATACGCCAAATGCCGAAAACGCCGCGGTTTATGAAAAATTGTACGCTGAATATAAAGAGCTGGTTCATTATTTCGGAA,0.10937249660491943,0
1494,AGGTATGAAGGTAAGCGTATATCCATTTGCAATAAAAATATGGTTATGGTATAGTTTTATTGGAAATGCTAACGATTACCG,0.44855526089668274,0
1495,CGCATTATCGAAACGTTTTCCAGAGGCAAGGATCACTCTTGATCCGAACGGGGCATGGTCATTAGAGGAAGCTATTGCATT,0.11119575798511505,0
1496,GATTTTATCTTAAATGTTAAAAAAACCTGTCGTTTTACAAAAACAGATGATAGATTATTAGTATAAATTTTGCAGAAAAAG,0.4447130560874939,0
1497,AGATTCTTTTGATCTAAATTATATATTGTTTATATCGTTTTGAAAACCTACAATGATTATAGAGTTGTTAGATTTTATGAC,0.891288161277771,1
1498,ATGGCCGCCACCATGCTGGCCATGGCCGCCACCATGCTGGCCATGGCCGCCACCATGCTGGCCATGGCCGCCACCATGCTG,0.11830061674118042,0
1499,GGATCAAGCTAGTAGCTAGTAGCTGACGTAGTGCATGTACGATGATGCTAGTAGTGGTAACACACAGTGTAGCTTGCATTC,0.28636059165000916,0
1500,TATTAGCTAGCTATAGCTAGATGAATTACGGCGCATCTGATCGAATCGATCGATGTAGTATATCGGCGCTATCAGGAGCTA,0.16454961895942688,0
